ApplicantIncome,CoapplicantIncome,LoanAmount,Loan_Amount_Term,Credit_History,totalIncome,incomePerDependent,loanToIncomeRatio,Gender_Male,Married_Yes,Dependents_1,Dependents_2,Dependents_3,Education_Not Graduate,Self_Employed_Yes,Property_Area_Semiurban,Property_Area_Urban,Loan_Status
0.6980291345329905,-0.5173577103058005,0.0,360.0,1.0,0.12888326007598896,0.4616492370992628,-0.2512038406388253,1,0,0,0,0,0,0,0,1,1
0.2640959725792631,0.13907933398628794,0.0,360.0,1.0,0.20099828652313192,-0.30735470598319903,-0.3484876634475493,1,1,1,0,0,0,0,0,0,0
-0.27849185946872324,-0.5173577103058005,-0.9612403100775194,360.0,1.0,-0.7201072785517395,-0.3198354191668095,-0.23823403148058864,1,1,0,0,0,0,1,0,1,1
-0.4214224507283633,0.5090869517901839,-0.12403100775193798,360.0,1.0,-0.1416970870893243,0.21258357620435453,0.017608197301106014,1,1,0,0,0,1,0,0,1,1
0.7497857754927164,-0.5173577103058005,0.20155038759689922,360.0,1.0,0.17388065261118976,0.5030687467855306,-0.07040125766083899,1,0,0,0,0,0,0,0,1,1
0.5499571550985433,1.3091740124061377,2.1550387596899223,360.0,1.0,1.250540117708411,-0.26378650208583343,0.40790963548633646,1,1,0,1,0,0,1,0,1,1
-0.5071122536418167,0.14256175862444226,-0.5116279069767442,360.0,1.0,-0.46710869403263056,-0.08695354020229727,0.06182137535537816,1,1,0,0,0,1,0,0,1,1
-0.26615252784918597,0.5726412014365002,0.46511627906976744,360.0,0.0,0.03680250316620726,-0.7628321618378193,0.49126293486951395,1,1,0,0,1,0,0,1,0,0
0.06632390745501285,0.14691478942213515,0.6201550387596899,360.0,1.0,0.03441853534977278,-0.6369278244471113,0.6981345027154975,1,1,0,1,0,0,0,0,1,1
3.0946015424164526,4.2570464686037655,3.4263565891472867,360.0,1.0,5.480891007971392,2.1226812960740613,-1.059683432915468,1,1,1,0,0,0,0,1,0,0
-0.2099400171379606,-0.21264555446729785,-0.8992248062015504,360.0,1.0,-0.45191089920286076,-0.7861477798731356,-0.6915259676091429,1,1,0,1,0,0,0,0,1,1
-0.4498714652956298,0.28359995646969205,-0.29457364341085274,360.0,1.0,-0.32079266929896444,-0.7459169095376877,0.11032189817271618,1,1,0,1,0,0,0,0,1,1
-0.2534704370179949,3.011209054304059,1.1162790697674418,360.0,1.0,1.71720181777546,-0.12060117721012625,-0.6980188639779288,1,1,0,1,0,0,0,0,1,1
-0.671636675235647,0.7189030362389814,-0.21705426356589147,360.0,1.0,-0.2156000893987931,0.1445568318189611,0.018158276163077434,1,0,0,0,0,0,0,0,0,0
-0.8615252784918594,-0.04461856567635216,-1.7209302325581395,120.0,1.0,-0.9033748044401401,-0.9246699811417796,-1.9022531754041425,1,1,0,1,0,0,0,0,1,1
0.3898886032562125,-0.5173577103058005,-0.046511627906976744,360.0,1.0,-0.1390151232958355,0.21505228870221155,0.125686191886141,1,0,0,0,0,0,0,0,1,1
-0.07420736932305055,-0.5173577103058005,-0.43410852713178294,240.0,1.0,-0.5425016762273709,-0.6495456883250471,0.41169013973686175,1,0,1,0,0,1,0,0,1,1
-0.1036846615252785,-0.5173577103058005,-0.8062015503875969,360.0,0.0,-0.5681293302540416,-0.1799417109549117,-0.2771240569430945,0,0,0,0,0,0,0,0,1,0
0.3682947729220223,-0.5173577103058005,0.07751937984496124,360.0,1.0,-0.15778886985025703,0.19777130121721243,0.3452713328970303,1,1,0,0,0,1,0,0,0,0
-0.4155955441302485,1.0062030688867123,-0.20155038759689922,360.0,1.0,0.20368025031662074,0.5304988856506087,-0.5904077208072758,1,1,0,0,0,0,0,0,1,1
1.3187660668380463,-0.5173577103058005,-0.37209302325581395,360.0,0.0,0.6685539745213439,0.9584090519458255,-1.1806683715023674,1,1,0,0,0,1,0,0,1,0
0.7343616109682948,1.9312221133964522,2.89922480620155,360.0,1.0,1.8366982045742382,0.4454654551688668,0.34381814439170333,1,1,1,0,0,0,0,0,1,1
-0.4155955441302485,0.3145064751333116,-0.18604651162790697,360.0,0.0,-0.2698353572226775,0.09463397908451912,0.17742275174136707,1,1,0,0,0,1,0,1,0,0
-0.1533847472150814,0.3171182936119273,-0.24806201550387597,360.0,0.0,-0.04008045891380466,-0.6597862735013429,-0.32728729175298854,1,1,0,1,0,1,0,0,0,0
-0.03273350471293916,0.755903798019371,0.35658914728682173,360.0,1.0,0.3651940698800566,-0.23178467340990913,-0.15609485601686296,1,1,1,0,0,0,0,1,0,0
1.9700085689802913,-0.5173577103058005,0.9767441860465116,360.0,1.0,1.2347463309245326,1.4795816903823076,-0.46435182717079476,1,1,0,0,0,0,1,1,0,1
-0.3473864610111397,0.4633801284144085,-0.09302325581395349,360.0,1.0,-0.10861953363629591,0.24303103034459111,0.002197822912021577,1,1,0,0,0,0,0,1,0,1
0.14173093401885176,-0.06464250734573947,-0.27906976744186046,360.0,1.0,-0.04484839454667362,-0.6612492142408138,-0.3625734912088041,1,1,0,1,0,1,0,0,1,1
-0.8125107112253642,-0.5173577103058005,-1.441860465116279,360.0,1.0,-1.1843850108023541,-0.7471969826847248,0.01595929585806119,1,0,0,0,0,1,0,0,1,0
-0.021422450728363324,0.38937860485362935,-0.12403100775193798,360.0,1.0,0.12411532444312001,-0.6094062517858164,-0.39794323484343586,0,0,0,1,0,0,0,1,0,1
0.12116538131962297,0.9491783654369355,1.1317829457364341,360.0,1.0,0.6313044773895552,-0.10930910337733585,0.2849023208016301,1,1,1,0,0,0,0,0,1,0
-0.22125107112253642,-0.5173577103058005,-0.8372093023255814,360.0,1.0,-0.6703419503836698,-0.27402708726212927,-0.08539862898732743,1,0,0,0,0,0,0,0,1,0
0.3014567266495287,-0.5173577103058005,-0.34108527131782945,360.0,1.0,-0.21589808537584743,-0.4992285273444197,-0.1720357109174135,1,0,1,0,0,0,1,0,0,0
-0.10711225364181662,0.20829252366960496,-0.21705426356589147,360.0,1.0,-0.07434999627505029,0.27457569003943083,-0.2311746825011372,1,1,0,0,0,0,0,1,0,1
2.9777206512425023,0.7885515290020677,2.9767441860465116,360.0,1.0,3.0048424346271325,-0.07982170409737699,-0.3898249239629429,1,0,0,0,1,0,0,0,0,0
-0.5269922879177378,0.3824137555773207,0.0,360.0,1.0,-0.32019667734485585,0.048277044402537286,0.5986364065004011,1,1,0,0,0,0,0,0,1,1
-0.6802056555269923,0.06159538578735445,-0.43410852713178294,360.0,0.0,-0.6730239141771586,-0.2764957997599863,0.8432368547499445,1,1,0,0,0,0,0,0,1,0
-0.04987146529562982,0.11774948307759277,0.24806201550387597,360.0,1.0,-0.08656783133427699,0.2633293331047488,0.44339971293912,0,1,0,0,0,0,0,1,0,1
0.12116538131962297,2.621177494830776,0.8682170542635659,360.0,1.0,1.775907025255159,1.977713012172124,-0.8900515178016408,1,0,0,0,0,0,0,0,1,1
-0.02210796915167095,0.20872782674937426,-0.27906976744186046,360.0,1.0,-0.00014899798852715488,0.34287673581347505,-0.42730413807812,1,0,0,0,0,1,0,1,0,1
-0.0728363324764353,-0.5173577103058005,-0.7441860465116279,360.0,1.0,-0.5413096923191537,-0.1552545859763415,-0.2133699168406255,1,0,0,0,0,0,0,0,1,0
-0.689802913453299,0.01066492545434759,-1.255813953488372,360.0,1.0,-0.7162333308500335,-0.31626950111434937,-0.9544245118186101,1,0,0,0,0,0,0,0,1,1
-0.48414738646101113,-0.5173577103058005,-0.8217054263565892,360.0,1.0,-0.8989048647843254,-0.48441625235727753,0.7967347404078667,1,1,0,0,0,0,0,0,1,1
0.044044558697514995,0.49951028403525954,0.09302325581395349,360.0,1.0,0.25642553825523356,0.5790502314417967,-0.3112102277546105,1,1,0,0,0,0,0,1,0,1
0.30248500428449016,-0.5173577103058005,-0.49612403100775193,360.0,1.0,-0.2150040974446845,0.14510543459626266,-0.41196508169655915,1,1,0,0,0,1,1,0,1,1
-0.1379605826906598,-0.5173577103058005,-0.6201550387596899,360.0,1.0,-0.5979289279594725,-0.2073718498199897,0.18766419025555,0,0,0,0,0,0,0,0,1,1
0.6294772922022279,-0.5173577103058005,-1.302325581395349,360.0,1.0,0.06928406466512702,-0.36797531287502144,-1.8282829388626445,1,1,1,0,0,0,0,0,1,1
0.6884318766066838,-0.5173577103058005,0.24806201550387597,360.0,1.0,0.1205393727184683,0.45396879821704095,0.06811868559427452,1,1,0,0,0,0,0,0,1,1
-0.4001713796058269,0.980084884100555,-0.12403100775193798,360.0,0.0,0.19921031066080608,0.5263843648208469,-0.49326997482541746,0,1,0,0,0,0,0,0,1,0
0.06426735218508997,0.4729567961693329,0.24806201550387597,360.0,1.0,0.2558295463011249,0.5785016286644951,-0.13214053833556746,0,0,0,0,0,0,0,1,0,1
-0.6459297343616109,0.1982805528349113,-0.43410852713178294,360.0,1.0,-0.5496535796766744,-0.16293502485856334,0.43259588343612604,0,1,0,0,0,1,0,1,0,1
-0.2490145672664953,-0.5173577103058005,-0.12403100775193798,360.0,1.0,-0.694479624525069,-0.2962454997428424,1.6510358277113548,0,0,0,0,0,0,0,1,0,1
0.143101970865467,-0.5173577103058005,-0.24806201550387597,360.0,1.0,-0.35357222677493855,0.017555288873649922,0.2627514273288765,0,0,0,0,0,0,0,1,0,0
0.2754070265638389,-0.5173577103058005,0.09302325581395349,360.0,1.0,-0.23854577963197496,-0.7206811817818161,0.5482821217405601,1,1,0,1,0,0,0,0,1,0
2.634961439588689,-0.5173577103058005,2.449612403100775,360.0,0.0,1.8128585264098935,0.43449339962283556,0.08283736191371509,0,1,1,0,0,0,1,0,1,0
-0.37857754927163667,-0.009359016215039722,-0.4806201550387597,360.0,1.0,-0.4593607986292185,-0.7884336247785587,0.10104082312277622,1,1,0,1,0,0,0,1,0,1
-0.5760068551842331,0.17520948960713897,-0.49612403100775193,360.0,1.0,-0.5046561871414736,-0.12151551517229556,0.18533748149560433,1,1,0,0,0,0,0,1,0,1
-0.15304198800342758,0.4403090651866362,0.10852713178294573,360.0,1.0,0.04455039856961931,0.3840219441110921,0.014007631699459162,1,1,0,0,0,0,0,0,0,0
1.4627249357326477,0.46207421917510066,0.8062015503875969,360.0,1.0,1.464203233256351,0.27402708726212927,-0.7501266994845485,1,1,1,0,0,0,0,0,1,1
-0.1561268209083119,0.7271737947545979,0.24806201550387597,360.0,1.0,0.23824778365492066,-0.5743871078347335,-0.10776942995275247,1,1,0,1,0,1,0,0,1,1
-0.4498714652956298,1.135052780498422,-0.12403100775193798,360.0,1.0,0.26208746181926545,0.5842619578261615,-0.5672175457702118,1,1,0,0,0,0,0,0,1,1
-0.2685518423307626,-0.5173577103058005,-0.4496124031007752,360.0,1.0,-0.7114653952171646,-0.9350248585633465,0.9571889301909718,1,1,0,0,1,0,0,0,1,1
-0.4125107112253642,0.9840026118184786,0.5736434108527132,180.0,0.0,0.19116441928033973,0.5189782273272758,0.34769387835299065,1,1,0,0,0,1,1,0,0,0
0.38817480719794345,-0.5173577103058005,0.0,360.0,0.0,-0.14050510318110707,-0.464529401680096,0.19642287247322185,1,1,1,0,0,0,0,0,0,0
0.12116538131962297,-0.5173577103058005,-0.18604651162790697,360.0,0.0,-0.37264396930641436,0.0,0.41569337721892513,0,0,0,0,0,0,0,1,0,0
0.6558697514995715,1.4828599412340842,2.0155038759689923,360.0,1.0,1.4615212694628623,1.688325047145551,0.09716049465934702,1,1,0,0,0,0,0,1,0,0
-0.2099400171379606,0.4638154314941778,-0.031007751937984496,180.0,0.0,0.011174849139536615,0.3533001885822047,-0.1148981756922579,1,0,0,0,0,1,0,0,1,0
2.377892030848329,-0.5173577103058005,2.852713178294574,360.0,1.0,1.589361543619161,0.3316303788787931,0.5475876381870759,1,1,1,0,0,0,0,0,1,1
1.126820908311911,-0.5173577103058005,-0.046511627906976744,60.0,1.0,0.5016762273709305,-0.6558546202640151,-0.7299131435159109,1,1,0,0,1,1,1,0,1,1
0.16709511568123395,-0.5173577103058005,0.12403100775193798,360.0,0.0,-0.33271250838113686,0.03675638607920453,0.839018191176408,0,0,0,0,0,0,0,1,0,0
-0.20719794344473008,0.8172815322668407,0.6821705426356589,360.0,1.0,0.2555315503240706,0.5782273272758444,0.36761178641384684,1,1,0,0,0,0,0,0,1,1
-0.6640959725792631,0.29883556426161717,-0.4806201550387597,360.0,1.0,-0.49661029576100724,-0.7998628493056746,0.19440156325476574,1,1,0,1,0,1,1,1,0,1
-0.10711225364181662,-0.5173577103058005,-0.7286821705426356,300.0,1.0,-0.5711092900245847,-0.1826847248414195,-0.11036144190363659,1,0,0,0,0,0,0,1,0,1
0.32305055698371893,-0.5173577103058005,-0.5116279069767442,360.0,0.0,-0.1971243388214259,-0.8166638093605348,-0.4643641340263708,1,1,0,0,1,1,0,1,0,0
0.4982005141388175,0.2548699532049189,0.9147286821705426,360.0,1.0,0.4837964687476719,-0.6599691410937768,0.2722573222211495,1,1,0,0,1,0,1,1,0,1
-0.021422450728363324,-0.5173577103058005,-0.23255813953488372,480.0,1.0,-0.49661029576100724,-0.1141093776787245,0.6717925643420534,1,0,0,0,0,0,0,0,1,0
-0.021422450728363324,1.550331918598324,0.7441860465116279,360.0,1.0,0.9188705952469641,1.1888222184124808,-0.3830309343839016,1,0,0,0,0,0,0,0,1,0
-0.9640102827763496,0.7981281967569921,-0.27906976744186046,360.0,1.0,-0.41555539000223496,-0.591119492542431,0.36032223596607643,1,1,1,0,0,0,1,0,1,0
-0.22125107112253642,1.223854608771357,0.8062015503875969,300.0,0.0,0.5216419578335693,-0.6512600720041145,0.11031110672691151,1,1,0,0,1,0,0,1,0,0
-0.16435304198800343,0.42550876047448033,0.031007751937984496,360.0,1.0,0.024584668106980557,-0.7656437510714899,-0.054662802117458296,1,1,0,0,1,1,1,1,0,1
0.011482433590402743,-0.5173577103058005,-0.26356589147286824,360.0,1.0,-0.46800268196379347,-0.08777644436824962,0.5294503567245684,0,0,0,0,0,0,0,1,0,1
-0.48586118251928023,-0.5173577103058005,0.0,360.0,1.0,-0.900394844669597,-0.8142636722098405,3.280064144264808,1,1,1,0,0,0,1,1,0,1
-0.8344473007712082,0.30144738274023286,0.6046511627906976,360.0,1.0,-0.6429263204946734,-0.8447568432481857,3.0336896691575963,0,1,0,1,0,0,0,0,1,0
0.7497857754927164,0.46207421917510066,2.124031007751938,360.0,1.0,0.8443716009833867,1.1202468712497857,0.894213371666812,1,1,0,0,0,0,0,1,0,0
0.060154241645244216,-0.5173577103058005,-1.2093023255813953,240.0,1.0,-0.4256872532220815,-0.5957826161494942,-1.2969664876594695,1,1,1,0,0,0,0,0,1,1
-0.4958011996572408,0.5843943845902709,0.12403100775193798,360.0,1.0,-0.15480891007971392,0.20051431510372023,0.4075982719417844,1,0,0,0,0,0,0,1,0,1
-0.16435304198800343,0.3532484492327783,-0.4496124031007752,360.0,1.0,-0.024882664084034865,-0.6551231498942796,-0.622720988542996,1,1,0,1,0,1,0,1,0,1
-0.4498714652956298,0.40461421264555447,-0.37209302325581395,360.0,1.0,-0.23794978767786634,0.12398422767015257,-0.17998803923824996,1,1,0,0,0,0,0,1,0,1
1.6293059125964011,-0.5173577103058005,1.2713178294573644,360.0,1.0,0.9385383297325486,1.206926110063432,0.04322449527386398,1,0,0,0,0,0,0,0,1,1
0.6452442159383034,1.2965502230928283,0.7286821705426356,360.0,1.0,1.324741115994934,1.562420709754843,-0.714333167597128,1,1,0,0,0,0,0,1,0,1
-0.2928877463581834,0.7450212210251388,0.046511627906976744,360.0,1.0,0.13156522386947775,0.4641179495971198,-0.19766537191610134,1,1,0,0,0,0,0,1,0,1
0.8354755784061697,1.9438459027097617,0.9302325581395349,180.0,1.0,1.9332489011398346,-0.054311674952854445,-0.9327248464443907,1,1,0,1,0,0,0,1,0,1
-0.1849185946872322,0.2748938948743062,-0.7286821705426356,360.0,1.0,-0.0964016985770692,-0.677067260986342,-0.9202860369793702,1,1,0,1,0,1,0,0,1,1
0.10985432733504713,-0.5173577103058005,-0.09302325581395349,360.0,1.0,-0.3824778365492066,-0.009051945825475742,0.6030008445053614,1,0,0,0,0,0,0,1,0,1
-0.06598114824335904,-0.5173577103058005,-1.5968992248062015,120.0,1.0,-0.5353497727780675,-0.1497685582033259,-1.9270706358104435,1,0,0,0,0,1,0,1,0,1
1.0178234790059983,-0.5173577103058005,0.0,360.0,1.0,0.40691350666765996,0.7175724327104406,-0.5880547467144397,1,0,0,0,0,0,0,0,1,0
-0.45535561268209085,0.4847099793231037,0.13953488372093023,360.0,1.0,-0.1878864635327423,0.17006686096348364,0.5030449199439299,0,1,0,0,0,0,0,1,0,1
-0.6291345329905741,-0.08336053977581892,-1.2093023255813953,360.0,1.0,-0.7278551739551516,-0.3269672552717298,-0.8186698159439589,1,1,0,0,0,0,0,1,0,1
0.12870608397600686,-0.5173577103058005,-0.20155038759689922,180.0,1.0,-0.36608805781121956,0.006034630550317161,0.3726110084135141,1,1,0,0,0,1,0,1,0,1
-0.7038560411311054,1.0240504951572533,0.046511627906976744,360.0,1.0,-0.03471653132682709,0.3110577747299846,0.06576495506084448,1,1,0,0,0,0,0,1,0,1
0.16298200514138816,0.9030362389813908,0.07751937984496124,180.0,1.0,0.6360724130224242,-0.4523229898851363,-0.7290261680150646,1,1,0,1,0,1,0,0,1,1
0.3532133676092545,1.139405811296115,0.35658914728682173,360.0,1.0,0.9632719958280563,1.229693125321447,-0.7463571817555428,1,0,0,0,0,0,0,1,0,1
3.3718937446443875,-0.5173577103058005,0.0,360.0,1.0,2.4535498770766595,2.6014743699639977,-1.6505703894362826,1,1,0,0,0,0,0,0,1,1
0.2877463581833762,1.0423332245075634,0.0,360.0,1.0,0.839901661327572,1.116132350420024,-0.9606520508285812,1,1,0,0,0,0,0,1,0,1
0.001199657240788346,-0.18913918815975622,0.49612403100775193,360.0,1.0,-0.25225359457647323,0.11081776101491514,1.217540838150674,1,1,0,0,0,0,0,0,1,1
-0.26066838046272495,-0.06899553814343236,-0.43410852713178294,360.0,1.0,-0.3976756313789764,-0.5828904508829076,0.04124056624375679,1,1,1,0,0,0,0,0,1,1
2.6065124250214224,-0.027206442485580587,1.503875968992248,360.0,1.0,2.1236683304775386,0.0041145208297617,-0.6926924808159924,1,1,0,1,0,0,0,0,1,1
1.2066838046272494,-0.5173577103058005,-0.12403100775193798,360.0,1.0,0.5711092900245847,0.8687124978570204,-0.8687951670662939,1,0,0,0,0,1,0,0,0,0
-0.004284490145672665,1.0497333768636412,1.3643410852713178,360.0,0.0,0.5910750204872234,-0.4661294931138923,0.5661536772771298,1,1,0,1,0,0,0,0,1,0
-0.5969151670951157,-0.18913918815975622,-0.5271317829457365,480.0,1.0,-0.7722565745362437,-0.9490142293845363,1.0232347227752274,1,1,0,0,1,1,0,1,0,1
0.5153384747215082,-0.5173577103058005,0.12403100775193798,360.0,1.0,-0.029948595693958132,0.31544659694839705,0.16267876958770713,1,0,0,0,0,0,0,0,1,1
-0.30282776349614393,0.4982043747959517,0.17054263565891473,360.0,1.0,-0.04604037845489086,0.30063432196125495,0.25584456125673566,0,1,0,0,0,0,0,1,0,1
-0.08243359040274208,1.273479159865056,0.37209302325581395,360.0,0.0,0.676301869924756,0.9655408880507458,-0.4870498672102406,1,1,0,0,0,1,0,0,0,0
1.2471293916023993,-0.5173577103058005,0.0,360.0,1.0,0.6062728153169932,-0.12082976170066861,-0.7776595136219602,0,0,1,0,0,0,1,1,0,1
0.4241645244215938,-0.5173577103058005,-0.15503875968992248,360.0,1.0,-0.10921552559040452,0.24248242756728955,-0.08535665334774738,1,0,0,0,0,0,0,1,0,1
3.691688089117395,-0.5173577103058005,0.8837209302325582,180.0,1.0,2.7315801236683304,0.857328990228013,-1.280363192688447,1,1,1,0,0,0,0,0,0,1
-0.22125107112253642,0.47643922080748724,0.40310077519379844,360.0,1.0,0.009982865231319377,0.35220298302760156,0.46183906787763274,0,1,0,0,0,0,0,1,0,1
-0.5479005998286204,0.09119599521166612,-0.6666666666666666,360.0,1.0,-0.537733740594502,-0.647351277215841,-0.06674598499366846,1,1,1,0,0,0,0,0,1,1
0.601713796058269,0.4150614865600174,0.7286821705426356,360.0,1.0,0.6834537733740594,0.9721241213783645,-0.16015877656054947,1,1,0,0,0,0,0,0,0,0
2.260668380462725,-0.5173577103058005,2.0310077519379846,360.0,1.0,1.4874469194665871,1.712189267958169,0.08453122608821481,0,0,0,0,0,0,0,0,1,1
0.6356469580119966,0.6435956034388943,0.8062015503875969,360.0,1.0,0.8694032630559487,1.1432881878964511,-0.28318276572173107,1,1,0,0,0,0,0,0,0,1
0.12116538131962297,-0.5173577103058005,-1.302325581395349,360.0,1.0,-0.37264396930641436,0.0,-1.5180495760571133,0,0,0,0,0,0,0,1,0,1
-0.574293059125964,3.391663946022418,0.13953488372093023,360.0,0.0,1.6987260671980928,1.906668952511572,-1.3209267729807372,0,0,0,0,0,0,0,1,0,1
-0.2932305055698372,-0.5173577103058005,-0.7286821705426356,360.0,1.0,-0.7329211055650748,-0.8723698497056975,0.3651390744442736,1,1,0,1,0,0,0,1,0,1
0.16709511568123395,0.35934269234954835,1.0232558139534884,360.0,1.0,0.267451389406243,0.5891993828218756,0.7380349132219393,1,1,0,0,0,1,0,0,0,1
-0.04130248500428449,-0.5173577103058005,-0.5426356589147286,360.0,1.0,-0.5138940624301572,-0.13001885822046974,0.11864548179159806,0,0,0,0,0,0,0,0,0,1
6.851928020565553,-0.5173577103058005,3.751937984496124,360.0,1.0,5.479103032109067,0.4895594033944797,-0.9605572966652467,1,1,0,0,1,0,0,0,0,1
0.017994858611825194,0.19653934051583416,0.0,360.0,1.0,0.026372643969306414,0.36728955940339447,-0.09819554384897192,1,0,0,0,0,0,0,0,0,1
2.2966580976863753,1.1585591468059637,0.49612403100775193,180.0,0.0,2.6660210087163825,0.8271558374764272,-1.45337307193395,1,1,1,0,0,0,1,0,1,0
0.7772065124250214,0.600935901621504,0.8372093023255814,360.0,1.0,0.9632719958280563,1.229693125321447,-0.3453230746593672,1,1,0,0,0,0,0,0,0,0
5.605312767780634,-0.5173577103058005,8.093023255813954,480.0,1.0,4.395291663562542,4.38882221841248,0.9066619059771014,1,0,0,0,0,0,1,0,1,1
-0.616452442159383,0.3223419305691588,-0.8372093023255814,360.0,1.0,-0.43909707218952543,-0.06116920966912395,-0.5999208241268862,1,0,0,0,0,0,0,0,1,1
-0.3751499571550985,-0.5173577103058005,-0.8992248062015504,360.0,1.0,-0.8041421440810549,-0.3971884107663295,0.1818213092250098,1,0,0,0,0,0,0,1,0,1
-0.12116538131962297,-0.5173577103058005,-1.5968992248062015,120.0,1.0,-0.5833271250838113,-0.1939310817761015,-1.89110462541748,1,1,0,0,0,0,1,1,0,1
0.37103684661525277,-0.5173577103058005,-0.40310077519379844,360.0,1.0,-0.15540490203382254,0.19996571232641866,-0.36829443094049674,1,0,0,0,0,0,0,1,0,1
0.06426735218508997,2.8562411579061924,2.511627906976744,360.0,1.0,1.887357520673471,-0.3369792559574833,0.061722415346198024,1,1,0,0,1,0,0,1,0,0
0.2640959725792631,-0.5173577103058005,-0.6821705426356589,360.0,1.0,-0.24837964687476718,0.11438367906737527,-0.6490208890398446,0,1,0,0,0,0,0,0,0,0
-0.17017994858611826,1.0062030688867123,-0.6201550387596899,360.0,1.0,0.4170453698875065,-0.5195268301045775,-1.2552113401348453,1,1,0,1,0,0,1,0,1,1
3.834275921165381,-0.5173577103058005,1.7674418604651163,360.0,0.0,2.8555464501229233,2.9715069432539,-0.8945263076373956,1,0,0,0,0,0,0,1,0,0
0.1328191945158526,0.10512569376428338,0.015503875968992248,360.0,1.0,0.06362214110109514,-0.6279673124178524,-0.13608359247129165,1,1,0,1,0,1,0,0,0,0
0.4214224507283633,0.38937860485362935,0.8837209302325582,360.0,1.0,0.5091261267972882,-0.4912737870735471,0.20539411920085449,1,1,0,1,0,0,0,0,0,0
0.5499571550985433,-0.5173577103058005,0.6201550387596899,360.0,1.0,0.00014899798852715488,0.3431510372021258,0.7702704315706809,1,0,0,0,0,0,0,0,1,1
1.075407026563839,-0.5173577103058005,0.7286821705426356,180.0,1.0,0.456976830812784,0.7636550660037716,0.11755534995024733,1,0,0,0,0,0,1,1,0,1
-0.3820051413881748,0.36804875394493414,-0.09302325581395349,360.0,1.0,-0.20397824629367503,0.1552545859763415,0.18491831006325987,1,1,0,0,0,0,0,1,0,1
2.723050556983719,-0.5173577103058005,0.9147286821705426,180.0,1.0,1.8894434925128512,-0.06775244299674267,-0.9201477609059141,1,1,0,1,0,0,0,0,1,1
-0.508140531276778,1.4354119055392316,-0.43410852713178294,360.0,1.0,0.4170453698875065,0.7268986799245671,-1.0582245164027448,0,1,0,0,0,0,0,1,0,1
3.7886889460154243,-0.5173577103058005,-0.8992248062015504,360.0,1.0,2.8159129851747,0.2165152294416823,-2.1729284202834163,0,1,0,1,0,0,0,0,1,1
-0.7796058269065981,0.10294917836543693,-1.5193798449612403,360.0,1.0,-0.731133129702749,-0.736362077833019,-1.5669243182668875,1,1,1,0,0,0,0,0,1,1
2.120822622107969,0.20785722058983566,1.503875968992248,360.0,1.0,1.8623258586009088,2.0572604148808504,-0.5418081189680283,0,0,0,0,0,0,0,0,0,0
0.35904027420736934,-0.15605615409729023,-0.046511627906976744,360.0,1.0,0.08150189972435372,0.41803531630378876,-0.2417735627386499,1,1,0,0,0,0,0,1,0,1
0.8447300771208226,-0.5173577103058005,-0.15503875968992248,360.0,0.0,0.25642553825523356,0.5790502314417967,-0.5964127534957814,1,0,0,0,0,0,0,0,0,0
-0.4234790059982862,1.1150288388290348,0.37209302325581395,360.0,1.0,0.27132533710794904,0.5927653008743357,-0.01176898732741302,1,1,0,0,0,0,1,0,0,1
1.8349614395886888,-0.5173577103058005,1.7984496124031009,360.0,1.0,1.1173359159651344,1.3715069432539002,0.27870409534454454,1,0,0,0,0,0,0,0,1,0
-0.5249357326478149,-0.5173577103058005,-0.23255813953488372,360.0,1.0,-0.9343663860537883,-0.9341790959483398,2.843139397076776,1,1,0,1,0,1,0,0,0,0
-0.19143101970865467,-0.5173577103058005,-1.2093023255813953,360.0,1.0,-0.6444163003799449,-0.2501628664495114,-0.9805355928861924,1,0,0,0,0,0,0,0,1,1
12.403256212510712,-0.5173577103058005,7.317829457364341,180.0,0.0,10.305445876480668,1.6002057260414881,-1.0214116833969835,1,1,0,0,1,0,0,1,0,1
0.7497857754927164,-0.5173577103058005,0.49612403100775193,360.0,1.0,0.17388065261118976,-0.3198354191668095,0.2839123759586324,1,1,1,0,0,0,0,0,0,1
1.9624678663239075,-0.5173577103058005,0.9147286821705426,360.0,1.0,1.2281904194293376,0.16540373735642036,-0.506118928590241,1,1,1,0,0,0,0,0,1,1
-0.2853470437017995,0.38937860485362935,-0.12403100775193798,360.0,1.0,-0.10534157788869851,0.2460483456197497,-0.04787106964197855,1,0,0,0,0,0,0,0,0,1
0.2640959725792631,1.9312221133964522,1.9689922480620154,360.0,1.0,1.4278477240557252,1.657328990228013,0.09523934304214245,1,1,0,0,0,0,0,1,0,1
-0.6682090831191089,-0.06420720426597018,-0.46511627906976744,360.0,1.0,-0.7487148923489533,-0.3461683524772844,1.0760707390748052,1,1,0,0,0,1,0,1,0,1
1.4123393316195372,-0.5173577103058005,2.2790697674418605,360.0,1.0,0.7499068762571706,1.0332933310474883,1.178870058335413,1,1,0,0,0,0,0,0,1,0
-0.24798628963153385,0.039830231798889976,-0.10852713178294573,360.0,0.0,-0.3121507859643895,-0.5435282016115207,0.3989850237087006,1,1,1,0,0,0,0,1,0,0
0.12150814053127677,0.1125258461203613,0.46511627906976744,360.0,1.0,0.05885420546822618,-0.6294302531573234,0.44920071909426007,1,1,0,1,0,0,0,0,0,1
1.8887746358183377,-0.5173577103058005,-0.8217054263565892,180.0,1.0,1.1641212843626612,1.4145722612720726,-1.7996806953293016,1,1,0,0,0,0,0,0,1,1
-0.03616109682947729,0.8608118402437698,0.8372093023255814,360.0,1.0,0.4340311405796022,0.7425338590776616,0.26307470677105976,1,1,0,0,0,0,0,0,0,1
0.2640959725792631,-0.5173577103058005,-0.24806201550387597,360.0,1.0,-0.24837964687476718,0.11438367906737527,0.03456594155917885,0,1,0,0,0,0,0,0,0,0
-0.47077977720651243,0.9335074545652411,0.015503875968992248,360.0,1.0,0.10593756984280712,0.44052803017315273,-0.19915446668264253,1,1,0,0,0,0,0,0,0,1
-0.5400171379605827,-0.5173577103058005,-1.0077519379844961,480.0,0.0,-0.9474782090441779,-0.5291273787073547,0.45130333102248604,1,0,0,0,0,0,0,1,0,0
1.4353041988003428,-0.5173577103058005,1.1162790697674418,360.0,1.0,0.7698726067198093,-0.41126921538373623,0.09743151615891066,1,1,0,1,0,0,0,1,0,1
-0.6829477292202228,0.25269343780607245,-0.5116279069767442,360.0,1.0,-0.5445876480667511,-0.1582719012515001,0.26188175891904386,1,1,0,0,0,1,0,0,0,1
16.43547557840617,-0.5173577103058005,8.868217054263566,300.0,1.0,13.811070550547567,2.406926110063432,-1.18669363252474,1,1,0,0,1,0,0,0,1,1
-0.09957155098543273,-0.5173577103058005,-0.7286821705426356,180.0,1.0,-0.5645533785293898,-0.9012172124121378,-0.1265361263603463,1,1,0,0,1,1,0,0,0,0
0.6497000856898029,1.9312221133964522,0.9147286821705426,360.0,1.0,1.7630931982418236,1.9659180524601405,-0.8535665683840098,1,1,0,0,0,0,0,1,0,1
0.18217652099400172,-0.19697464359560343,-0.6356589147286822,360.0,1.0,-0.10027564627877524,0.250711469226813,-0.7835804199027665,1,1,0,0,0,1,1,1,0,0
-0.10814053127677806,0.3375775383610839,-0.18604651162790697,360.0,1.0,0.013260820978916784,0.35522029830276014,-0.3230980184379715,1,1,0,0,0,0,0,0,0,1
-0.6058269065981148,0.18739797584067908,-0.4186046511627907,360.0,1.0,-0.5222379497876779,-0.8077261557803304,0.3844817479466915,1,1,0,1,0,0,0,0,0,1
0.5838903170522708,4.40156709108717,5.689922480620155,360.0,0.0,3.397005140430604,0.010423452768729642,0.5937970778046967,1,1,0,0,1,0,0,1,0,0
-0.021422450728363324,-0.5173577103058005,-0.18604651162790697,360.0,1.0,-0.49661029576100724,-0.628424481398937,0.7613033770459197,1,1,1,0,0,0,0,1,0,1
-0.5071122536418167,0.11426705843943846,-0.40310077519379844,480.0,0.0,-0.4864784325411607,-0.10478313046459797,0.31624098167444015,1,0,0,0,0,1,0,0,1,0
0.8868894601542416,2.6385896180215473,0.8062015503875969,360.0,0.0,2.4535498770766595,0.7293673924224241,-1.224328424179776,1,1,1,0,0,0,0,0,1,0
-0.6500428449014567,1.6865817825661116,-0.9457364341085271,360.0,1.0,0.465618714147359,0.7716098062746443,-1.6256259769181853,1,0,0,0,0,0,0,0,0,0
0.2699228791773779,-0.5173577103058005,-0.8527131782945736,180.0,1.0,-0.24331371526484394,0.11904680267443854,-0.9241592810047821,1,1,0,0,0,0,0,1,0,1
10.294258783204798,-0.5173577103058005,2.046511627906977,360.0,1.0,8.4718766296655,3.499262815018001,-1.8402702383457314,1,1,1,0,0,0,0,1,0,0
-0.06426735218508997,-0.5173577103058005,-0.31007751937984496,360.0,1.0,-0.533859792892796,-0.148397051260072,0.6337247474450066,0,1,0,0,0,0,0,1,0,1
12.111225364181662,1.550331918598324,-0.12403100775193798,360.0,1.0,11.467034195038368,10.898268472484142,-2.3939148773041,1,1,0,0,0,0,1,1,0,1
-0.5602399314481576,-0.5173577103058005,-0.9612403100775194,300.0,0.0,-0.9650599716903822,-0.8440253728784501,0.6907797064307523,1,1,1,0,0,0,1,0,0,0
-0.489974293059126,0.41332027424094026,-1.0852713178294573,360.0,1.0,-0.2668553974521344,0.09737699297102692,-1.264361358490019,1,1,0,0,0,0,0,0,0,1
-1.0757497857754927,1.788007400152356,0.6201550387596899,360.0,1.0,0.16494077329956044,0.4948397051260072,0.4488401715603962,1,1,0,0,0,0,1,0,0,1
1.8904884318766066,-0.5173577103058005,0.9302325581395349,180.0,1.0,1.1656112642479326,1.4159437682153266,-0.44473839355040024,1,1,0,0,0,0,0,0,0,1
0.3676092544987147,-0.5173577103058005,-1.2403100775193798,360.0,1.0,-0.15838486180436565,0.19722269843991086,-1.6003650528467437,1,0,0,0,0,1,0,0,0,1
2.8063410454155955,-0.5173577103058005,0.5581395348837209,360.0,1.0,1.9618565149370484,2.148877078690211,-1.1706383304791967,1,0,0,0,0,0,0,1,0,0
0.7610968294772922,-0.5173577103058005,0.49612403100775193,360.0,1.0,0.18371451985398196,0.5121206926110063,0.26759182333568304,1,1,0,0,0,1,0,0,1,0
0.0155955441302485,-0.5173577103058005,-0.8062015503875969,360.0,1.0,-0.46442673023914177,-0.08448482770444025,-0.49565302239541437,1,0,0,0,0,0,0,1,0,1
0.1297343616109683,-0.5173577103058005,-0.12403100775193798,360.0,1.0,-0.3651940698800566,0.006857534716269501,0.5038983866600935,1,0,0,0,0,0,0,0,0,1
-0.23564695801199656,0.607030144738274,0.6511627906976745,360.0,1.0,0.0868658273113313,-0.3598834219098234,0.6325675504124916,1,1,1,0,0,0,0,1,0,0
1.5494430162810626,1.1150288388290348,0.9147286821705426,360.0,1.0,1.9865901810325561,2.1716440939482258,-0.9681623731791498,1,0,0,0,0,0,0,0,0,1
-0.6531276778063411,0.512134073348569,-0.12403100775193798,360.0,1.0,-0.34105639573865754,0.029075947196982685,0.4431544584842371,0,0,0,0,0,1,0,0,1,1
-0.13590402742073693,0.7084557623245185,-0.23255813953488372,360.0,1.0,0.24301571928778962,0.5667066689525115,-0.6709941063790954,0,1,0,0,0,0,0,1,0,1
2.4635818337617823,-0.5173577103058005,-0.6976744186046512,360.0,1.0,1.6638605378827387,1.8745756900394308,-1.8555316701072655,1,0,0,0,0,0,1,0,1,0
-0.4155955441302485,0.570899989117423,-0.5891472868217055,360.0,1.0,-0.09431572673768904,-0.44327104405966056,-0.7252781594280969,1,1,1,0,0,1,0,1,0,1
0.38063410454155955,-0.5173577103058005,0.5891472868217055,360.0,0.0,-0.14706101467630187,-0.6926110063432196,1.0730184639837794,1,0,0,1,0,0,0,1,0,1
0.061525278491859466,-0.5173577103058005,0.0,180.0,1.0,-0.4244952693138643,-0.8689867992456711,0.887826342764945,1,1,0,0,1,1,0,0,1,0
-0.10711225364181662,-0.04592447491566003,0.10852713178294573,360.0,1.0,-0.24837964687476718,-0.5141779530258872,0.5960836952655194,1,1,1,0,0,1,0,0,1,1
0.03581833761782348,-0.5173577103058005,-0.06201550387596899,360.0,1.0,-0.4468449675929375,-0.7845934053374478,0.8422599694564972,1,1,0,1,0,1,0,1,0,1
0.20411311053984577,-0.5173577103058005,-0.12403100775193798,360.0,1.0,-0.3005289428592714,0.06638093605348877,0.34618547614583506,0,0,0,0,0,1,0,1,0,1
-0.1948586118251928,-0.5173577103058005,-0.7441860465116279,360.0,1.0,-0.647396260150488,-0.2529058803360192,0.05949151385687099,0,0,0,0,0,0,0,0,1,1
0.055698371893744644,0.5843943845902709,-1.1317829457364341,360.0,1.0,0.3246666170006705,0.6418652494428253,-1.7539055164977178,1,0,0,0,0,1,0,0,0,1
-0.4570694087403599,-0.5173577103058005,-1.069767441860465,360.0,1.0,-0.8753631825970349,-0.46274644265386594,-0.036843729804180804,1,0,0,0,0,0,0,0,1,1
-0.1352185089974293,-0.5173577103058005,-0.015503875968992248,360.0,1.0,-0.595544960143038,-0.20517743871078348,1.4575742413804031,1,0,0,0,0,0,0,1,0,0
2.120822622107969,-0.5173577103058005,1.3333333333333333,360.0,1.0,1.3658645608284288,1.6002743013886507,-0.30536714100848844,0,0,0,0,0,0,0,1,0,0
-0.13110539845758354,0.026771139405811297,0.0,360.0,0.0,-0.21947403710049915,-0.821806960397737,0.3604173440815949,1,1,0,0,1,0,0,1,0,0
1.3622964867180805,-0.5173577103058005,1.7364341085271318,360.0,1.0,0.7063994636072413,-0.07474712840733756,0.7486896363917896,1,1,1,0,0,0,1,0,1,1
0.6479862896315338,-0.5173577103058005,0.031007751937984496,360.0,1.0,0.08537584742605975,-0.7516543802503001,-0.14928040514371965,1,1,0,0,1,1,1,0,0,1
-0.21919451585261354,0.7976928936772227,0.13953488372093023,360.0,1.0,0.23169187215972584,0.556283216183782,-0.22501117167690163,1,1,0,0,0,0,0,0,1,1
0.012853470437017995,-0.08945478289258897,-0.43410852713178294,360.0,1.0,-0.17388065261118976,-0.8113149322818447,-0.3846869078422321,1,1,0,0,1,1,0,1,0,1
-1.2553556126820908,0.2661878332789204,0.10852713178294573,360.0,1.0,-1.0330030544587647,-0.6078518772501286,5.046346641613063,1,1,0,0,0,0,0,0,0,0
-0.02930591259640103,0.2553052562846882,0.046511627906976744,360.0,1.0,0.025478656038143484,0.36646665523744215,-0.03576909798374798,1,1,0,0,0,0,0,1,0,1
0.4070265638389032,-0.5173577103058005,-0.8682170542635659,360.0,0.0,-0.12411532444312001,-0.6855706040345162,-1.0885867521673194,1,1,0,1,0,0,0,1,0,0
0.16126820908311912,0.5199695287844162,-0.015503875968992248,360.0,1.0,0.37234597332936004,-0.5332418995371164,-0.5680919843864507,0,1,0,1,0,0,0,1,0,1
-0.5455012853470437,-0.5173577103058005,-1.054263565891473,360.0,0.0,-0.9522461446770468,-0.5335162009257672,0.3228710067317394,1,1,0,0,0,0,0,0,1,0
0.06735218508997429,0.23005767765806942,-0.18604651162790697,360.0,1.0,0.09222975489830887,-0.6191896679810274,-0.43309122329925687,1,1,0,1,0,0,0,1,0,1
-0.2884318766066838,0.6975731853302862,0.24806201550387597,360.0,1.0,0.10295761007226402,0.43778501628664496,0.0964605988048684,1,0,0,0,0,0,0,1,0,1
1.2906598114824337,-0.07770159973881816,0.7286821705426356,360.0,1.0,0.9450942412277434,1.2129607406137493,-0.41979881458507784,1,1,0,0,0,0,0,1,0,1
0.8354755784061697,-0.5173577103058005,0.0,360.0,1.0,0.24837964687476718,0.5716440939482256,-0.4083045756179345,1,1,0,0,0,0,0,1,0,1
-0.1928020565552699,-0.5173577103058005,0.6511627906976745,360.0,1.0,-0.6456082842881621,-0.25126007200411454,3.1528486805697344,1,1,0,0,0,0,0,0,0,0
0.3161953727506427,-0.5173577103058005,0.15503875968992248,360.0,1.0,-0.2030842583625121,0.15607749014229386,0.561172197075853,1,1,0,0,0,1,1,0,1,0
0.8354755784061697,0.22048100990314506,1.2713178294573644,360.0,1.0,0.7534828279818222,-0.41629807417566717,0.25762432523796663,1,1,0,1,0,0,0,1,0,1
0.32407883461868037,-0.5173577103058005,0.46511627906976744,480.0,1.0,-0.19623035089026297,0.16238642208126178,1.0157262923479558,1,1,0,0,0,0,0,1,0,1
0.8868894601542416,-0.5173577103058005,1.1162790697674418,360.0,1.0,0.29307904343291363,0.6127893022458426,0.7967347404078667,1,0,0,0,0,0,1,0,0,1
-0.45295629820051414,0.3767548155403199,-0.37209302325581395,360.0,1.0,-0.25970349400283094,-0.519389679410252,-0.1395161109793498,1,1,1,0,0,0,0,1,0,1
-0.03307626392459297,-0.5173577103058005,-1.3333333333333333,180.0,1.0,-0.5067421589808537,-0.12343562489285102,-1.4351641399991895,1,1,0,0,0,0,0,0,0,1
-0.21371036846615252,0.6135596909348133,-0.12403100775193798,360.0,1.0,0.11040750949862177,0.44464255100291444,-0.37964626668796686,1,0,0,0,0,1,0,0,0,1
1.5494430162810626,-0.5173577103058005,2.356589147286822,360.0,1.0,0.8691052670788945,1.1430138865078003,1.0598231369061843,0,0,0,0,0,0,0,1,0,1
-0.22536418166238217,0.2570464686037654,0.18604651162790697,360.0,1.0,-0.14378305892870447,-0.4660380593176753,0.4750042339131098,1,1,1,0,0,0,0,1,0,1
0.5784061696658098,0.03112417020350419,0.6511627906976745,360.0,1.0,0.40035759517246516,-0.2156008914795131,0.1139830717624361,1,1,1,0,0,0,0,0,0,1
0.6627249357326478,-0.5173577103058005,1.9689922480620154,360.0,1.0,0.09818967443939507,0.4333961940682325,2.265685300220763,1,1,0,0,0,0,0,0,1,0
-0.11979434447300771,-0.5173577103058005,-0.09302325581395349,360.0,1.0,-0.5821351411755942,-0.19283387622149836,1.2420028921459405,0,0,0,0,0,0,1,0,1,1
-0.00017137960582690659,-0.5173577103058005,-0.24806201550387597,360.0,1.0,-0.47813454518364,-0.6199211383507629,0.5876041854121138,0,0,1,0,0,0,0,0,0,1
-0.17052270779777207,-0.5173577103058005,-0.49612403100775193,360.0,1.0,-0.626238545779632,-0.6880850334304818,0.5404290337826838,1,1,1,0,0,0,0,1,0,1
0.6877463581833761,1.6591576885406465,-0.12403100775193798,360.0,1.0,1.6099232660359084,-0.15351734384821986,-1.4587589290779757,1,1,0,1,0,0,0,0,0,1
-0.4464438731790917,0.3458482968767004,0.18604651162790697,180.0,1.0,-0.27519928480965505,-0.5265215155151723,0.7866179566161502,1,1,1,0,0,1,0,0,1,0
-0.29048843187660667,1.9643051474589184,0.4186046511627907,60.0,1.0,0.9683379274379796,1.2343562489285103,-0.6985443670619184,1,0,0,0,0,0,0,0,1,1
0.8354755784061697,0.048536293394275766,-0.31007751937984496,360.0,1.0,0.6357744170453699,-0.45241442368135326,-1.0992569152710914,1,1,0,1,0,0,1,0,0,1
-0.13933161953727508,1.4053759930351508,-0.07751937984496124,360.0,1.0,0.7171273187811964,1.0031201782959027,-0.9405729629384793,1,1,0,0,0,1,0,1,0,1
0.766923736075407,1.3688105343345305,-0.12403100775193798,180.0,1.0,1.4799970200402295,1.7053317332418996,-1.4066462652075242,1,0,0,0,0,0,1,0,1,0
2.0190231362467865,-0.5173577103058005,-0.24806201550387597,360.0,1.0,1.2773597556432987,-0.25555746042631006,-1.4082721797092947,1,1,0,1,0,0,0,0,1,1
0.9581833761782348,-0.5173577103058005,0.13953488372093023,180.0,1.0,0.3550622066602101,-0.2364477970169724,-0.38005882097960186,1,1,1,0,0,1,0,0,1,1
-0.3189374464438732,0.2849058657089999,-0.07751937984496124,480.0,1.0,-0.2060642181330552,-0.4947025544316818,0.21287204841588095,1,1,1,0,0,0,0,1,0,1
-0.6867180805484148,0.2957884427032321,-0.5891472868217055,360.0,1.0,-0.5183640020859719,-0.13413337905023145,0.03885512424466543,1,1,0,0,0,0,0,0,1,1
-0.7350471293916024,1.1759712699967353,1.1317829457364341,360.0,0.0,0.04216643075318483,0.3818275330018858,1.3465647314060567,1,1,0,0,0,1,0,1,0,0
-0.13213367609254498,-0.5173577103058005,0.15503875968992248,360.0,1.0,-0.5928629963495493,-0.8293959654837421,1.8057964398275013,0,0,0,1,0,0,0,0,1,0
-0.4214224507283633,0.42594406355424963,-0.37209302325581395,360.0,1.0,-0.19861431870669746,0.16019201097205554,-0.2500117699942553,1,0,0,0,0,1,1,0,0,1
-0.3946872322193659,2.573729459135923,2.3410852713178296,180.0,1.0,1.294941518289503,0.19612549288530773,0.4980157847514289,1,1,1,0,0,1,0,1,0,1
4.263067694944302,-0.5173577103058005,0.9922480620155039,360.0,0.0,3.228339417417865,3.314657980456026,-1.3777755316721185,1,0,0,0,0,0,1,0,1,0
-0.25004284490145673,-0.5173577103058005,1.9689922480620154,360.0,1.0,-0.6953736124562319,-0.931321789816561,6.554701768484336,0,0,0,0,1,0,0,0,0,1
0.7652099400171379,-0.5173577103058005,-0.20155038759689922,360.0,0.0,0.18729047157863368,0.5154123092748157,-0.5712157354802901,1,0,0,0,0,1,0,0,0,0
0.49271636675235647,-0.5173577103058005,-0.5271317829457365,360.0,1.0,-0.049616330179542575,-0.7827190125150009,-0.696444144131333,1,1,0,0,1,0,0,0,1,0
3.7259640102827762,0.39677875720970723,2.7286821705426356,360.0,1.0,3.387171273187812,3.460860620606892,-0.673081218323107,1,1,0,0,0,0,0,0,0,0
0.38337617823479003,-0.5173577103058005,0.0,360.0,1.0,-0.1446770468598674,-0.8045945482599005,0.20464571967385914,1,1,0,0,1,1,0,1,0,0
0.7782347900599829,1.3326803787136794,3.131782945736434,360.0,1.0,1.465097221187514,0.2744385393451054,0.8735477820726849,1,1,1,0,0,0,0,0,1,1
-0.6006855184233076,0.4442267929045598,0.09302325581395349,360.0,1.0,-0.34195038366982045,0.028253043031030343,0.8122966533391509,1,0,0,0,0,0,0,1,0,1
-0.11362467866323907,-0.5173577103058005,0.4186046511627907,36.0,1.0,-0.5767712135886166,-0.665318018172467,2.282327197552662,0,0,1,0,0,0,0,1,0,0
1.161096829477292,-0.5173577103058005,-0.12403100775193798,360.0,1.0,0.5314758250763615,0.8322304131664666,-0.8349727828396979,0,0,0,0,0,0,0,0,0,1
0.46392459297343613,-0.5173577103058005,0.0,360.0,1.0,-0.0746479922521046,0.27430138865078,0.07252408424605569,1,0,0,0,0,0,1,1,0,1
0.09682947729220223,0.98313200565894,0.35658914728682173,360.0,1.0,0.6333904492289354,0.9260414880850334,-0.4596374007447926,1,0,0,0,0,0,0,0,0,1
0.30694087403598974,0.08640766133420394,0.34108527131782945,360.0,1.0,0.20219027043134918,-0.5854505971769814,0.053832627690558785,1,1,0,1,0,0,0,1,0,1
0.17840616966580977,0.2709761671563826,0.49612403100775193,360.0,0.0,0.21679207330701036,-0.7214126521515515,0.21398205353373667,1,1,0,0,1,0,0,0,1,1
-0.1352185089974293,-0.5173577103058005,0.10852713178294573,360.0,1.0,-0.595544960143038,-0.20517743871078348,1.719454910496454,0,0,0,0,0,0,0,0,0,0
-0.32099400171379605,0.161715094134291,-0.5891472868217055,360.0,1.0,-0.2921850555017507,-0.5343391050917196,-0.4297258287212767,0,0,1,0,0,0,0,0,1,1
-0.1972579263067695,-0.5173577103058005,-1.5193798449612403,360.0,1.0,-0.6494822319898681,-0.25482599005657464,-1.6628164514594077,0,0,0,0,0,0,0,0,1,1
2.513624678663239,-0.5173577103058005,0.12403100775193798,360.0,1.0,1.7073679505326678,1.9146236927824447,-1.3345527643236104,1,1,0,0,0,0,0,0,1,1
-0.33573264781491,0.29100010882576993,-0.031007751937984496,360.0,1.0,-0.21649407732995604,0.14373392765300874,0.30617874727800193,1,0,0,0,0,0,0,0,0,1
-0.4087403598971722,0.45032103602132983,0.34108527131782945,360.0,1.0,-0.17090069284064666,0.1857020401165781,0.7656898935745968,1,1,0,0,0,0,0,1,0,1
0.029991431019708654,-0.5173577103058005,-0.5891472868217055,360.0,1.0,-0.45191089920286076,-0.7861477798731356,-0.11773870668692205,1,1,0,1,0,0,0,1,0,1
-0.36418166238217653,0.2844705626292306,-0.20155038759689922,360.0,1.0,-0.2456976830812784,-0.5129435967769587,0.10230470935925154,1,1,1,0,0,0,0,1,0,1
0.06186803770351328,0.907824572858853,1.2248062015503876,360.0,1.0,0.5514415555390002,0.8506086062060689,0.4873553725861531,1,1,0,0,0,0,0,1,0,1
-0.24318766066838046,0.048536293394275766,-0.7441860465116279,360.0,1.0,-0.30201892274454295,0.06500942911023487,-0.666830831123846,1,1,0,0,0,0,0,0,1,1
3.691688089117395,-0.5173577103058005,4.775193798449612,360.0,1.0,2.7315801236683304,2.8573975655751758,0.6454420247454202,1,1,0,0,0,0,0,1,0,1
0.09854327335047129,-0.5173577103058005,-0.06201550387596899,360.0,1.0,-0.3923117037919988,-0.018103891650951484,0.6841639774799859,0,1,0,0,0,1,0,0,0,1
0.08243359040274208,0.5386875612144956,0.46511627906976744,360.0,0.0,0.3166207256202041,-0.2541402365849477,0.02878560620022301,1,0,1,0,0,1,1,0,1,0
0.03924592973436161,-0.1691152464903689,-0.24806201550387597,360.0,1.0,-0.20546822617894658,0.1538830790330876,-0.04873129017871764,1,1,0,0,0,0,0,1,0,1
-0.5180805484147386,-0.0882359395799325,-0.7751937984496124,180.0,1.0,-0.6346420359681144,-0.8422149848288475,-0.044522688181100306,1,1,0,1,0,0,0,0,1,1
-0.6860325621251071,0.20785722058983566,-1.1472868217054264,360.0,1.0,-0.5779631974968338,-0.18899365678038746,-0.9620822558697066,0,0,0,0,0,0,0,0,1,1
5.7770351328191945,-0.5173577103058005,0.0,360.0,1.0,4.544587648066751,4.5262472141265215,-2.0068056208031106,1,1,0,0,0,0,0,0,0,0
-0.22433590402742073,0.81162259222984,-0.6046511627906976,360.0,1.0,0.2367578037696491,0.5609463397908452,-1.0964843411806373,1,0,0,0,0,0,0,0,0,1
-0.4155955441302485,0.23005767765806942,-0.4496124031007752,300.0,1.0,-0.3276465767712136,0.041419509686267786,-0.13388768797069578,0,0,0,0,0,0,1,1,0,0
-0.037189374464438735,0.3532484492327783,-0.12403100775193798,360.0,1.0,0.08567384340311406,0.4218755357448997,-0.34588553483762285,1,1,0,0,0,0,0,0,0,1
0.10676949443016281,-0.5173577103058005,-0.20155038759689922,360.0,1.0,-0.38515980034269537,-0.011520658323332761,0.42029120068122205,0,0,0,0,0,0,0,1,0,1
1.952185089974293,-0.5173577103058005,0.9147286821705426,360.0,1.0,1.2192505401177085,1.465318018172467,-0.4991974021317429,1,0,0,0,0,0,0,0,0,1
-0.2527849185946872,0.5343345304168027,0.17054263565891473,360.0,1.0,0.022200700290546077,0.36344933996228357,0.13258134130782903,1,1,0,0,0,0,0,0,0,1
0.20137103684661525,-0.5173577103058005,-0.015503875968992248,360.0,0.0,-0.30291291067570586,-0.7404308817646722,0.5297280547855379,1,1,0,1,0,0,0,1,0,0
-0.2260497000856898,0.161715094134291,0.09302325581395349,360.0,1.0,-0.20964016985770692,-0.7118121035487742,0.4814325228120613,1,1,0,1,0,0,0,0,1,1
0.5499571550985433,-0.5173577103058005,0.23255813953488372,480.0,0.0,0.00014899798852715488,0.3431510372021258,0.2538936737719316,0,0,0,0,0,0,0,0,1,0
-0.489974293059126,0.9339427576450103,0.6821705426356589,360.0,1.0,0.08954779110482008,0.42544145379735987,0.6664639805993767,1,1,0,0,0,0,0,1,0,1
0.20685518423307625,0.026771139405811297,-0.27906976744186046,360.0,1.0,0.07434999627505029,-0.7541916680953197,-0.5275722832757375,1,1,0,0,1,0,0,0,1,1
1.0497000856898029,-0.5173577103058005,1.1162790697674418,360.0,1.0,0.43462713253371077,-0.19982856163209325,0.5551572629400455,1,1,1,0,0,0,0,1,0,1
0.29254498714652954,-0.5173577103058005,0.10852713178294573,360.0,1.0,-0.22364598077925948,-0.5027944453968798,0.5374560053134189,0,1,1,0,0,0,0,0,1,1
0.4070265638389032,0.5887474153879638,0.35658914728682173,480.0,1.0,0.6330924532518811,0.9257671866963827,-0.4593403388193064,0,0,0,0,0,0,0,0,0,0
-0.616452442159383,0.755903798019371,-0.23255813953488372,360.0,1.0,-0.1422930790434329,-0.46535230584604836,-0.13987000314484563,1,1,1,0,0,0,0,0,1,0
-0.689802913453299,0.7598215257372946,-0.5426356589147286,360.0,0.0,-0.20338225433956642,0.15580318875364307,-0.501718014376317,1,1,0,0,0,1,0,0,1,0
-0.3213367609254499,0.24442267929045597,-0.35658914728682173,360.0,1.0,-0.23586381583848617,0.12590433739070805,-0.15960966897043552,1,1,0,0,0,1,0,1,0,1
0.4070265638389032,-0.5173577103058005,0.06201550387596899,360.0,1.0,-0.12411532444312001,0.22876735813475055,0.2540754383906767,0,0,0,0,0,0,0,0,0,1
-0.7497857754927164,0.26749374251822833,-0.49612403100775193,360.0,1.0,-0.5925650003724949,-0.6725870049717126,0.43361929724475656,1,1,1,0,0,0,0,0,1,1
0.06426735218508997,0.570899989117423,0.18604651162790697,360.0,1.0,0.32287864113834464,0.6402194411109207,-0.28987488496358843,1,0,0,0,0,0,0,0,0,1
-0.6212510711225364,-0.5173577103058005,0.0,360.0,1.0,-1.0181032556060494,-0.5941368078175896,4.461083635472398,1,0,0,0,0,1,0,0,1,0
-0.017309340188517566,0.20785722058983566,0.10852713178294573,360.0,1.0,0.0034269537361245623,0.3461683524772844,0.08300226761140087,0,0,0,0,0,0,0,0,0,1
-0.48414738646101113,0.2936119273043857,-0.37209302325581395,360.0,0.0,-0.3437383595321463,0.026607234699125664,0.029846968096379364,0,0,0,0,0,0,0,0,1,0
5.62827763496144,-0.5173577103058005,5.457364341085271,360.0,1.0,4.415257394025181,4.407200411452083,-0.04538076687359512,1,0,0,0,0,0,0,0,0,0
1.321165381319623,-0.5173577103058005,0.8837209302325582,360.0,1.0,0.6706399463607241,-0.4417166695239728,1.9771865459818802e-05,1,1,0,1,0,1,0,0,0,1
-0.30694087403598974,-0.5173577103058005,-0.6821705426356589,360.0,1.0,-0.7448409446472473,-0.3426024344248243,0.5222396455278343,0,0,0,0,0,0,0,1,0,1
-0.3035132819194516,0.5295461965393405,-0.26356589147286824,360.0,1.0,-0.025180660061089176,0.3198354191668095,-0.3705193285748245,1,0,0,0,0,1,0,1,0,1
-0.4474721508140531,-0.5173577103058005,-1.1162790697674418,360.0,1.0,-0.8670192952395143,-0.4550660037716441,-0.20047667829577046,0,0,0,0,0,0,0,0,0,1
0.6627249357326478,-0.5173577103058005,0.24806201550387597,84.0,1.0,0.09818967443939507,-0.617360992056689,0.1042468625838917,1,1,0,1,0,0,1,0,0,1
-0.45912596401028277,0.2849058657089999,0.4806201550387597,360.0,1.0,-0.3279445727482679,0.04114520829761701,1.4221542134386753,1,1,0,0,0,0,0,0,0,0
-0.14173093401885176,0.19653934051583416,-0.26356589147286824,180.0,1.0,-0.11249348133800194,-0.45163723641350934,-0.23508099134267701,1,1,1,0,0,1,0,0,1,1
-0.03273350471293916,-0.5173577103058005,-0.12403100775193798,360.0,1.0,-0.5064441630037995,-0.8028801645808332,0.9124386637097518,1,1,0,1,0,0,0,1,0,1
-0.6013710368466153,0.4115790619218631,-0.6201550387596899,360.0,1.0,-0.3648960739030023,0.007131836104920282,-0.35097665816866447,1,1,0,0,0,0,0,0,1,1
-0.09305912596401028,-0.5173577103058005,-0.24806201550387597,360.0,1.0,-0.558891454965358,-0.6570889765129436,0.8391945521032992,0,0,1,0,0,0,0,1,0,1
2.120822622107969,-0.5173577103058005,0.4186046511627907,360.0,1.0,1.3658645608284288,0.22876735813475055,-0.965509384699503,1,1,1,0,0,0,1,0,0,0
-0.48414738646101113,0.42594406355424963,-0.20155038759689922,360.0,1.0,-0.25314758250763614,0.1099948568489628,0.11764347709625705,1,1,0,0,0,0,0,1,0,1
0.1814910025706941,-0.4350854282294047,-0.06201550387596899,360.0,1.0,-0.2638754376815913,-0.8320246871249786,0.3622746706085263,1,1,0,0,1,0,0,1,0,1
-0.0724935732647815,0.17477418652736967,0.0,360.0,1.0,-0.06719809282574685,-0.6681067489570833,0.0591725842215761,1,1,0,1,0,1,0,0,0,1
-0.22159383033419022,0.7820219828055284,0.06201550387596899,360.0,1.0,0.21887804514639053,0.5444882564717984,-0.29866219759224616,0,0,0,0,0,0,0,0,0,1
3.834618680377035,-0.5173577103058005,2.6666666666666665,360.0,1.0,2.8558444460999777,-0.1141093776787245,-0.4620110632402545,1,1,0,0,1,0,0,0,0,1
1.6635818337617823,1.6517575361845684,3.8449612403100777,360.0,0.0,2.453251881099605,0.7292302417280987,0.38250171468782784,1,1,1,0,0,0,1,0,0,0
0.37857754927163667,-0.5173577103058005,0.031007751937984496,360.0,0.0,-0.14884899053862774,0.20600034287673583,0.2584262791952777,1,0,0,0,0,0,0,0,0,1
0.6874035989717223,0.42289694199586464,0.8682170542635659,360.0,1.0,0.7633166952246144,1.0456368935367735,-0.11924905169561677,1,1,0,0,0,0,1,1,0,1
0.17840616966580977,0.5495701382087278,-0.27906976744186046,360.0,1.0,0.4075094986217686,0.7181210354877422,-0.8855513179268866,0,1,0,0,0,0,0,0,1,0
-0.4498714652956298,-0.5173577103058005,-0.9457364341085271,360.0,1.0,-0.8691052670788945,-0.45698611349219953,0.29883084474261,0,0,0,0,0,0,0,0,1,1
0.19588688946015423,0.26314071172053544,-0.17054263565891473,360.0,1.0,0.2266259405498026,-0.2955597462712155,-0.5804748634432831,1,0,1,0,0,0,0,0,1,1
-0.30077120822622105,-0.5173577103058005,-0.46511627906976744,360.0,1.0,-0.7394770170602697,-0.3376650094291102,1.0361895071438805,1,0,0,0,0,0,0,1,0,1
-0.33573264781491,-0.5173577103058005,-0.8837209302325582,360.0,1.0,-0.7698726067198093,-0.3656437510714898,0.10434309056024134,1,0,0,0,0,0,0,0,1,1
20.402570694087405,-0.5173577103058005,5.612403100775194,180.0,1.0,17.260075988974148,16.230687467855304,-1.8341677145578332,1,1,0,0,0,0,0,0,1,1
2.0635818337617824,0.280552834911307,0.8372093023255814,180.0,1.0,1.8623258586009088,0.45726041488085034,-0.95422078679186,1,1,1,0,0,0,1,0,1,1
0.5794344473007712,1.4371531178583088,-0.8992248062015504,360.0,1.0,1.3637785889890486,1.5983541916680952,-1.9160131319038303,1,1,0,0,0,0,1,1,0,1
0.49271636675235647,-0.21786919142452932,0.49612403100775193,360.0,1.0,0.15540490203382254,-0.3283387622149837,0.31506579679415314,1,1,1,0,0,0,0,0,0,1
-0.4498714652956298,1.4850364566329306,0.7441860465116279,360.0,1.0,0.5016762273709305,-0.4935596319789703,0.07379309731105842,1,1,0,1,0,0,1,0,0,1
-0.6795201371036846,-0.5173577103058005,0.0,360.0,0.0,-1.068762571705282,-1.0172466998114178,5.126300604200585,0,0,0,0,1,1,0,0,1,0
0.11910882604970009,-0.5173577103058005,-0.8837209302325582,360.0,1.0,-0.37443194516874023,-0.0016458083319046803,-0.7901456530801495,0,0,0,0,0,0,0,1,0,1
-0.3994858611825193,0.1734682772880618,0.6976744186046512,360.0,1.0,-0.3523802428667213,-0.852391565232299,1.8719506095294318,1,1,0,0,1,1,0,0,0,0
-0.49168808911739503,-0.5173577103058005,-1.2713178294573644,360.0,1.0,-0.9054607762795203,-0.4904508829075947,-0.5354114353060826,0,0,0,0,0,0,0,0,0,0
0.2541559554413025,0.01762977473065622,0.46511627906976744,360.0,1.0,0.10921552559040452,-0.3495971198354192,0.3571761687071999,1,1,1,0,0,1,0,0,1,1
-0.21919451585261354,-0.5173577103058005,-0.8372093023255814,360.0,1.0,-0.6685539745213439,-0.9251500085719184,-0.0903423089467028,1,1,0,0,1,1,0,1,0,1
-0.4214224507283633,0.4968984655566438,-0.046511627906976744,360.0,1.0,-0.15004097444684497,-0.6935253443053888,0.14696490147106928,1,1,0,1,0,0,0,0,0,1
-0.45021422450728366,0.5526172597671128,0.49612403100775193,360.0,1.0,-0.13692915145645534,0.21697239842276703,0.911709952786906,1,1,0,0,0,0,0,1,0,1
-0.09922879177377893,0.8886712373490042,0.37209302325581395,360.0,0.0,0.398271623333085,0.709617692439568,-0.18133707256879428,1,1,0,0,0,1,0,0,0,0
-0.25004284490145673,0.42637936663401893,-0.031007751937984496,360.0,1.0,-0.04931833420248827,-0.6626207211840678,-0.014968392671049444,1,1,0,1,0,1,0,0,1,1
0.8639245929734362,1.4776363042768528,2.0310077519379846,360.0,1.0,1.6388288758101766,1.8515343733927654,-0.04504286738173433,1,1,0,0,0,0,0,1,0,1
-0.4070265638389032,2.203286538252258,0.9147286821705426,360.0,1.0,1.0306190866423304,1.2916852391565232,-0.34224307441113766,1,1,0,0,0,0,0,0,0,1
1.8065124250214224,-0.5173577103058005,1.550387596899225,360.0,1.0,1.0926022498696268,1.3487399279958854,0.1088260859253803,1,1,0,0,0,0,0,1,0,1
1.6923736075407028,1.2965502230928283,2.7906976744186047,360.0,1.0,2.2351188258958503,2.400411452082976,-0.03185052297606706,1,0,0,0,0,0,0,0,0,0
-0.3929734361610968,0.38937860485362935,-0.5116279069767442,360.0,1.0,-0.19891231468375176,-0.8170752614435111,-0.46153985449786716,1,1,0,0,1,0,0,0,0,1
0.5784061696658098,-0.5173577103058005,-0.35658914728682173,360.0,0.0,0.024882664084034865,0.3659180524601406,-0.5637278958582843,0,1,0,0,0,0,1,0,0,0
-0.47626392459297345,-0.29752965502230927,0.031007751937984496,360.0,1.0,-0.7415629888996499,-0.3395851191496657,2.2679464416966546,0,1,0,0,0,0,0,1,0,1
0.00017137960582690659,-0.5173577103058005,-0.18604651162790697,180.0,1.0,-0.4778365492065857,-0.09682839019372536,0.7041178696379421,0,0,0,0,0,0,0,0,1,1
1.5494430162810626,0.861247143323539,0.5736434108527132,360.0,1.0,1.8128585264098935,-0.09125092862449279,-1.0944244138653976,1,1,0,1,0,0,0,0,0,1
0.021422450728363324,-0.5173577103058005,-0.9457364341085271,360.0,1.0,-0.4593607986292185,-0.6112806446082634,-0.7651928482049634,1,1,1,0,0,0,0,0,1,0
-0.27849185946872324,0.20785722058983566,-0.43410852713178294,480.0,0.0,-0.22364598077925948,0.13715069432539,-0.3018277614662971,1,1,0,0,0,1,0,0,1,0
0.46426735218508997,0.861247143323539,1.1162790697674418,360.0,1.0,0.8694032630559487,-0.5712326418652495,-0.014671808486710458,1,1,0,0,1,0,0,1,0,1
0.31208226221079693,-0.5173577103058005,-0.7286821705426356,360.0,1.0,-0.20666021008716381,-0.4949768558203326,-0.7808803039225648,0,0,1,0,0,0,0,1,0,0
0.4070265638389032,1.0788986832081837,1.6744186046511629,360.0,1.0,0.9686359234150339,-0.3502828733070461,0.34691179415334594,1,1,0,1,0,0,0,1,0,1
0.3213367609254499,0.4982043747959517,0.031007751937984496,360.0,1.0,0.49661029576100724,0.8001371506943253,-0.646201391513423,1,1,0,0,0,0,0,0,1,1
-0.27403598971722365,0.8029165306344542,-0.5116279069767442,300.0,1.0,0.187588467555688,0.5156866106634664,-0.9416918987687478,1,1,0,0,0,0,0,0,1,1
1.0315338474721507,-0.5173577103058005,0.20155038759689922,360.0,1.0,0.4188333457498324,0.7285444882564718,-0.38722190574801785,1,0,0,0,0,0,1,0,0,1
0.82382176520994,-0.5173577103058005,0.07751937984496124,360.0,1.0,0.23824778365492066,0.5623178467340991,-0.3057703428675147,1,0,0,0,0,1,0,0,0,0
-0.4498714652956298,-0.5173577103058005,-0.49612403100775193,480.0,1.0,-0.8691052670788945,-0.45698611349219953,1.5967376289486723,1,0,0,0,0,0,0,1,0,0
0.449528706083976,-0.5173577103058005,-0.06201550387596899,360.0,0.0,-0.08716382328838561,0.2627807303274473,0.007903234522041686,1,0,0,0,0,0,0,0,0,0
0.8611825192802056,-0.5173577103058005,0.7286821705426356,360.0,1.0,0.27072934515384045,-0.2752614435110578,0.3959483075379116,1,1,1,0,0,0,0,1,0,1
5.455869751499572,1.7749483077592774,6.852713178294573,360.0,1.0,5.834612232734858,5.713697925595748,-0.1483149841532527,1,1,0,0,0,0,0,0,0,0
4.09477292202228,-0.5173577103058005,-1.1317829457364341,360.0,1.0,3.082023392684199,3.179975998628493,-2.309282721442866,0,0,0,0,0,0,1,1,0,1
0.4704370179948586,-0.5173577103058005,0.4186046511627907,360.0,1.0,-0.06898606868807271,-0.668655351734385,0.6450054969594432,1,1,0,1,0,0,0,1,0,1
1.8887746358183377,2.909783436717815,3.9069767441860463,300.0,1.0,3.510243611711242,0.42955597462712153,-0.22725079033118425,1,1,0,1,0,0,1,0,0,1
-0.2572407883461868,0.3475895091957776,-0.26356589147286824,180.0,0.0,-0.10951352156745883,-0.45026572947025545,-0.23996255281919546,1,0,1,0,0,0,0,0,1,0
-0.3593830334190231,0.11774948307759277,-0.27906976744186046,360.0,1.0,-0.3556581986143187,0.015635179153094463,0.21467202829915707,0,0,0,0,0,0,0,0,1,1
0.34430162810625536,-0.11557296767874632,-0.12403100775193798,180.0,1.0,0.0964016985770692,0.4317503857363278,-0.3606486446731582,1,1,0,0,0,0,0,0,1,1
1.6923736075407028,1.6574164762215693,0.031007751937984496,360.0,1.0,2.482157490873873,-0.20010286302074404,-1.6416184924054953,1,1,0,0,1,0,0,0,0,1
0.17052270779777207,-0.5173577103058005,0.031007751937984496,360.0,1.0,-0.32973254861059376,0.03949939996571233,0.6750462443088603,1,1,0,0,0,0,0,1,0,1
-0.2548414738646101,-0.5173577103058005,-0.8837209302325582,480.0,1.0,-0.6995455561349921,-0.3009086233499057,-0.11128850776159918,1,0,0,0,0,0,0,0,1,0
0.5410454155955441,-0.5173577103058005,0.031007751937984496,360.0,1.0,-0.007598897414884899,-0.6498199897136979,-0.0016721127274190435,1,1,0,1,0,0,0,0,1,1
-0.16435304198800343,0.570899989117423,0.0,360.0,1.0,0.12411532444312001,0.45726041488085034,-0.24448735844387062,1,1,0,0,0,0,0,1,0,1
0.7295629820051414,1.324844923277832,2.604651162790698,360.0,1.0,1.4174178648588245,1.6477284416252358,0.5557971801019006,1,0,0,0,0,0,0,1,0,1
0.7497857754927164,-0.5173577103058005,0.43410852713178294,360.0,1.0,0.17388065261118976,0.5030687467855306,0.20932003203874336,0,0,0,0,0,0,0,0,1,1
1.1497857754927163,-0.5173577103058005,0.0,360.0,1.0,0.5216419578335693,0.8231784673409909,-0.7014933896804161,1,0,0,0,0,0,1,0,1,1
0.25826906598114824,-0.5173577103058005,-0.43410852713178294,360.0,1.0,-0.25344557848469046,-0.7252528715926624,-0.24931016139247728,1,1,0,1,0,0,0,0,1,0
-0.04987146529562982,-0.5173577103058005,-0.23255813953488372,180.0,1.0,-0.521343961856515,-0.6398079890279444,0.7481058006250787,1,0,1,0,0,0,0,0,1,1
-0.5026563838903171,0.17912721732506257,0.06201550387596899,360.0,1.0,-0.4382030842583625,-0.06034630550317161,1.04306811134199,1,0,0,0,0,1,0,1,0,1
-0.2750642673521851,0.847752747850691,0.0,360.0,0.0,0.21738806526111898,0.5431167495285445,-0.36952917897901943,1,1,0,0,0,1,0,0,1,0
-0.5071122536418167,0.534769833496572,0.12403100775193798,360.0,1.0,-0.19861431870669746,0.16019201097205554,0.5037634948804093,1,1,0,0,0,0,0,0,1,1
0.574293059125964,-0.5173577103058005,-0.046511627906976744,360.0,1.0,0.021306712359383147,0.3626264357963312,-0.15130024290340063,1,1,0,0,0,0,0,0,0,1
1.8353041988003427,-0.5173577103058005,0.8837209302325582,360.0,1.0,1.1176339119421888,-0.5141093776787244,-0.4417498069556987,1,0,0,0,1,0,0,0,0,1
1.9508140531276779,-0.5173577103058005,2.2790697674418605,360.0,1.0,1.2180585562094912,-0.49099948568489626,0.5377335462415866,1,1,0,0,1,0,0,0,0,1
-0.4214224507283633,0.4033083034062466,-0.12403100775193798,360.0,1.0,-0.21411010951352158,0.14592833876221498,0.1581628306530729,1,1,0,0,0,0,0,0,1,1
-0.6236503856041131,0.19000979431929482,-0.23255813953488372,180.0,1.0,-0.5359457647321761,-0.811932110406309,0.7948018956752826,1,1,0,1,0,1,0,1,0,1
-0.2442159383033419,0.0920666013712047,-0.23255813953488372,360.0,1.0,-0.2731133129702749,-0.7312875021429796,0.10986357347889203,1,1,0,1,0,0,0,0,1,1
-0.18389031705227077,-0.30667101969746435,0.10852713178294573,360.0,1.0,-0.49363033599046413,-0.7989485113435054,1.31749246059326,1,1,0,1,0,0,0,1,0,1
-0.21679520137103683,-0.5173577103058005,-0.8837209302325582,360.0,0.0,-0.6664680026819638,-0.2704611692096691,-0.20164156087837914,0,0,0,0,0,0,0,0,1,0
-0.2671808054841474,0.11774948307759277,-0.5116279069767442,360.0,1.0,-0.2754972807867094,0.08942225270015429,-0.33348373867659953,1,1,0,0,0,0,0,0,1,1
0.030676949443016282,0.20785722058983566,-0.29457364341085274,360.0,1.0,0.04514639052372793,0.38457054688839365,-0.5094350749996667,1,0,0,0,0,1,0,0,0,1
-0.792630676949443,0.2661878332789204,-0.3875968992248062,360.0,0.0,-0.6307084854354467,-0.23754500257157551,0.7924965390487821,0,0,0,0,0,0,0,1,0,0
-0.31653813196229647,-0.5173577103058005,-1.2868217054263567,180.0,0.0,-0.7531848320047679,-0.8785873478484485,-0.95696960700774,1,1,0,1,0,1,0,0,1,0
-0.36246786632390743,-0.5173577103058005,-0.9767441860465116,300.0,1.0,-0.7931162929300455,-0.38703925938625067,-0.059943438118531374,1,0,0,0,0,1,0,0,0,0
-0.4498714652956298,8.188703885079986,-0.3875968992248062,360.0,1.0,5.090814274007301,5.0290416595234015,-2.187580619253679,1,0,0,0,0,0,0,1,0,1
-0.6339331619537275,-0.5173577103058005,-1.1627906976744187,360.0,1.0,-1.0291291067570587,-0.6042859591976685,0.3211515491840477,0,0,0,0,0,1,0,1,0,1
1.2437017994858612,-0.5173577103058005,1.0232558139534884,360.0,1.0,0.6032928555464501,0.8983370478313046,0.21734966078216914,0,0,0,0,0,0,1,0,0,0
0.2517566409597258,-0.5173577103058005,-0.20155038759689922,360.0,1.0,-0.25910750204872235,0.10450882907594719,0.13003593303614344,0,0,0,0,0,0,0,1,0,1
-0.5640102827763496,0.5273696811404941,-0.20155038759689922,360.0,1.0,-0.25314758250763614,0.1099948568489628,0.11764347709625705,1,1,0,0,0,1,0,0,1,1
-0.5482433590402742,-0.5173577103058005,-0.9612403100775194,360.0,1.0,-0.9546301124934813,-0.5357106120349734,0.6371558302200117,0,0,0,0,0,1,0,0,0,1
1.5381319622964866,-0.5173577103058005,0.37209302325581395,300.0,0.0,0.8592713998361022,-0.0043888222184124805,-0.6507386803869607,1,1,1,0,0,0,0,1,0,0
26.456726649528704,-0.5173577103058005,3.5968992248062017,360.0,0.0,22.523578931684423,4.411863535059147,-2.2024990880376567,1,1,0,0,1,0,0,0,0,0
0.01868037703513282,-0.5173577103058005,-1.0232558139534884,360.0,1.0,-0.461744766445653,-0.6123778501628665,-0.9058615503353251,0,0,1,0,0,1,1,1,0,0
0.8375321336760926,-0.5173577103058005,0.49612403100775193,360.0,1.0,0.25016762273709303,0.5732899022801303,0.16181749077006755,1,1,0,0,0,0,0,0,1,1
0.7826906598114824,-0.5173577103058005,1.3953488372093024,360.0,0.0,0.20248826640840348,0.5294016800960055,1.3014811621098694,1,1,0,0,0,1,0,0,0,0
-0.5345329905741216,0.3676134508651649,-0.27906976744186046,360.0,1.0,-0.3368844520598972,0.0329161666380936,0.17183241915879935,1,1,0,0,0,1,0,0,0,1
-0.5701799485861182,0.8917183589073893,0.7751937984496124,360.0,0.0,-0.009088877300156449,0.3346476941539517,0.9979824191278595,0,1,0,0,0,1,0,1,0,0
-0.2802056555269923,-0.5173577103058005,-1.054263565891473,360.0,1.0,-0.7215972584370111,-0.3212069261100634,-0.4582752196382568,0,0,0,0,0,0,0,0,1,1
-0.4155955441302485,-0.5173577103058005,0.49612403100775193,360.0,1.0,-0.8393056693734634,-0.7861477798731356,4.185665750229732,0,0,1,0,0,0,0,0,1,0
-0.7583547557840618,8.188703885079986,1.7209302325581395,360.0,1.0,4.822617894658422,0.8322304131664666,-1.4617556727220955,1,1,0,1,0,0,1,0,1,0
-0.9554413024850043,0.689737729894439,-0.24806201550387597,360.0,1.0,-0.48230648886240035,-0.10094291102348706,0.5997219837079236,1,1,0,0,0,0,0,0,0,1
-0.19417309340188518,0.09946675372728261,0.15503875968992248,360.0,1.0,-0.22453996871042242,0.1363277901594377,0.611523614105602,1,1,0,0,0,0,0,1,0,1
0.6911739502999144,-0.5173577103058005,0.15503875968992248,360.0,1.0,0.12292334053490278,0.4561632093262472,-0.05085099973947865,1,1,0,0,0,0,0,0,0,1
-0.3744644387317909,-0.5173577103058005,-0.7441860465116279,360.0,0.0,-0.8035461521269462,-0.3966398079890279,0.5910573215111149,0,0,0,0,0,1,0,0,1,0
-0.6829477292202228,0.23092828381760802,-0.43410852713178294,360.0,1.0,-0.5594874469194666,-0.1719869706840391,0.46180426143019504,1,1,0,0,0,0,0,0,1,1
1.1782347900599828,0.20829252366960496,-0.27906976744186046,360.0,0.0,1.0431349176786113,0.08023315618035316,-1.3195260542941725,1,1,1,0,0,0,0,0,1,0
3.7934875749785775,-0.5173577103058005,-0.49612403100775193,360.0,1.0,2.8200849288534604,2.9388650780044574,-1.9779199880637985,1,1,0,0,0,0,0,1,0,1
-0.3929734361610968,1.3544455327021439,-0.10852713178294573,360.0,1.0,0.461744766445653,0.7680438882221842,-0.7562685439922702,1,1,0,0,0,0,0,0,0,1
0.27197943444730077,-0.5173577103058005,-0.7286821705426356,360.0,1.0,-0.24152573940251806,-0.5110234870564032,-0.7321370503405027,0,0,1,0,0,1,0,0,0,0
0.7275064267352185,-0.5173577103058005,0.07751937984496124,360.0,1.0,0.1545109141026596,-0.6000800045716899,-0.19242289523998285,1,1,0,1,0,0,0,1,0,1
-0.3059125964010283,-0.5103406242942649,-0.6356589147286822,360.0,1.0,-0.7391432613156522,-0.3373577916434082,0.6155806884111295,1,1,0,0,0,0,0,0,0,1
-0.37549271636675235,-0.5173577103058005,-1.054263565891473,180.0,1.0,-0.8044401400581093,-0.3974627121549803,-0.2289271472005584,1,0,0,0,0,1,0,0,1,1
1.6491859468723222,-0.5173577103058005,0.34108527131782945,360.0,1.0,0.9558220964016986,0.040048002743013886,-0.7536685118695037,0,0,1,0,0,0,1,1,0,1
0.921165381319623,-0.5173577103058005,-0.35658914728682173,360.0,0.0,0.32287864113834464,0.6402194411109207,-0.8923515089319198,1,0,0,0,0,0,0,0,0,0
3.106598114824336,-0.5173577103058005,4.294573643410852,360.0,1.0,2.2229009908366235,2.3891650951482943,0.8195451904066675,1,0,0,0,0,0,0,1,0,1
-0.4755784061696658,0.5012514963543367,0.23255813953488372,360.0,1.0,-0.1941443790508828,0.16430653180181726,0.6580481618317356,1,1,0,0,0,0,0,1,0,1
-0.021422450728363324,-0.5173577103058005,-0.43410852713178294,360.0,1.0,-0.49661029576100724,-0.1141093776787245,0.2839123759586324,1,0,0,0,0,0,0,0,1,1
2.1369323050556983,-0.5173577103058005,0.0,240.0,1.0,1.3798703717499814,1.6131664666552374,-1.274308101985653,0,1,0,0,0,0,0,1,0,1
-0.6466152527849186,0.2883882903471542,-1.2093023255813953,360.0,1.0,-0.4885644043805409,-0.10670324018515344,-1.2185990154697846,1,0,0,0,0,0,0,1,0,1
-0.5482433590402742,-0.027641745565349873,0.0,360.0,1.0,-0.6193846383073829,-0.22712154980284588,1.5907309117390664,1,1,0,0,0,0,0,0,1,1
2.2634104541559554,-0.5173577103058005,0.9147286821705426,360.0,0.0,1.4898308872830217,1.7143836790673752,-0.6910301836855347,1,0,0,0,0,0,1,0,1,0
1.141216795201371,-0.5173577103058005,0.15503875968992248,360.0,1.0,0.5141920584072115,0.8163209326247214,-0.5378358205713092,0,1,0,0,0,1,1,0,0,1
-0.05227077977720651,1.687017085645881,0.9147286821705426,360.0,1.0,0.9856216941071295,1.2502657294702555,-0.3014374480619524,1,0,0,0,0,0,0,1,0,1
1.4013710368466152,0.280552834911307,0.8062015503875969,360.0,1.0,1.2865976309319824,1.5273101320075433,-0.6307519111050529,1,1,0,0,0,0,0,0,0,1
0.3065981148243359,0.35020132767439327,0.31007751937984496,360.0,1.0,0.3824778365492066,-0.6832847591290931,-0.22821416438687214,1,0,0,0,1,1,0,1,0,1
11.621765209940017,-0.5173577103058005,0.37209302325581395,360.0,1.0,9.626015048796841,4.030447454140236,-2.2488931172632616,1,0,1,0,0,0,0,1,0,1
1.2066838046272494,3.110022853411688,0.7286821705426356,300.0,1.0,3.054309766818148,3.1544659694839705,-1.4499096663615683,1,1,0,0,0,0,0,0,0,1
-0.11876606683804627,0.009359016215039722,0.031007751937984496,360.0,1.0,-0.22066602100871638,-0.501422938453626,0.4108916440515137,1,1,1,0,0,0,1,0,0,1
0.2877463581833762,-0.5173577103058005,-0.27906976744186046,360.0,1.0,-0.22781792445801982,-0.7173895651180067,-0.054094203970700125,1,1,0,1,0,1,0,0,0,1
-0.09374464438731792,0.08161932745674176,-1.1317829457364341,360.0,1.0,-0.14944498249273636,0.20545174009943426,-1.4477227087329847,1,1,0,0,0,0,0,0,0,0
-0.16195372750642673,0.2270105560996844,0.34108527131782945,360.0,0.0,-0.10921552559040452,-0.68099891422367,0.6236398829205012,1,1,0,1,0,0,0,0,0,0
-0.35766923736075407,0.1538796386984438,0.9612403100775194,360.0,1.0,-0.32943455263353943,-0.5514829418823933,2.2315148421202347,1,0,1,0,0,1,1,1,0,0
-0.5153384747215082,0.028947654804657743,-0.046511627906976744,360.0,0.0,-0.5520375474931088,-0.816869535402023,1.224479136833996,1,1,0,1,0,1,0,0,0,0
-0.6356469580119966,0.11644357383828491,-1.054263565891473,300.0,1.0,-0.5967369440512553,-0.830584604834562,-0.7333751263583027,1,1,0,1,0,1,0,0,1,1
0.04644387317909169,0.23702252693437806,0.32558139534883723,360.0,0.0,0.07881993593086493,0.41556660380593174,0.23480564012684493,1,1,0,0,0,0,0,0,0,0
-0.4556983718937446,0.5560996844052671,-0.5891472868217055,180.0,0.0,-0.1393131192728898,0.21477798731356076,-0.6650336683323742,1,1,0,0,0,0,0,0,0,1
1.1216795201371037,-0.5173577103058005,-0.6821705426356589,360.0,1.0,0.4972062877151158,0.800685753471627,-1.3732273464112303,1,0,0,0,0,0,1,1,0,1
0.015938303341902313,-0.5173577103058005,-0.49612403100775193,360.0,1.0,-0.46412873426208745,-0.7898965655180297,0.08365928370414992,1,1,0,1,0,0,0,1,0,1
0.16743787489288775,-0.5173577103058005,-0.15503875968992248,360.0,1.0,-0.33241451240408254,0.0370306874678553,0.36993377234148456,1,1,0,0,0,0,0,0,1,1
-0.03581833761782348,0.600935901621504,0.6976744186046512,360.0,1.0,0.25642553825523356,0.5790502314417967,0.3839709287394928,1,1,0,0,0,0,0,0,1,0
0.18560411311053984,-0.5173577103058005,0.12403100775193798,360.0,1.0,-0.3166207256202041,-0.7446368363906509,0.7951286236778506,1,0,0,1,0,0,0,0,0,1
1.5497857754927165,-0.5173577103058005,0.49612403100775193,360.0,1.0,0.8694032630559487,1.1432881878964511,-0.5516937229567512,1,1,0,0,0,0,0,1,0,0
-0.59280205655527,1.259984764392208,0.49612403100775193,360.0,1.0,0.22334798480220516,0.54860277730156,0.20358588169524247,1,1,0,0,0,0,1,1,0,1
1.3461868037703513,-0.5173577103058005,0.0,180.0,1.0,0.6923936526856888,-0.6119663980798903,-0.8494286634443275,1,1,0,0,1,0,0,0,1,1
-0.27335047129391604,0.4350854282294047,0.3875968992248062,360.0,1.0,-0.06362214110109514,0.2844505400308589,0.5904248328118361,1,1,0,0,0,0,0,0,0,1
0.4724935732647815,-0.5173577103058005,0.06201550387596899,360.0,1.0,-0.06719809282574685,-0.43079033087605006,0.14538989562965393,0,0,1,0,0,1,0,1,0,1
0.12116538131962297,-0.5173577103058005,-0.46511627906976744,360.0,0.0,-0.37264396930641436,0.0,-0.06774236110008428,1,0,0,0,0,0,0,1,0,0
0.7497857754927164,-0.5173577103058005,0.18604651162790697,360.0,1.0,0.17388065261118976,0.5030687467855306,-0.08904934364081105,1,0,0,0,0,0,0,0,0,1
-0.2966580976863753,0.2069866144302971,-0.8992248062015504,180.0,0.0,-0.2400357595172465,-0.826538659351963,-1.0011918966494693,1,1,0,0,1,1,0,0,1,0
4.414567266495287,-0.5173577103058005,-0.27906976744186046,360.0,1.0,3.3600536392758698,3.435899194239671,-1.9624379380630332,1,1,0,0,0,0,0,1,0,1
-1.234790059982862,0.7524213733812166,-0.46511627906976744,360.0,1.0,-0.6822617894658423,-0.85682610434882,0.806798266180557,0,1,0,1,0,1,0,1,0,1
0.17840616966580977,0.5495701382087278,-0.27906976744186046,360.0,1.0,0.4075094986217686,0.7181210354877422,-0.8855513179268866,1,1,0,0,0,0,0,0,1,0
-0.12425021422450729,0.3876373925345522,0.5271317829457365,360.0,1.0,0.03352454741860985,-0.38443339619406824,0.5785582054414264,1,1,1,0,0,0,1,1,0,1
-0.3974293059125964,0.13559690934813365,-0.23255813953488372,180.0,0.0,-0.3765179170081204,-0.5731527515858049,0.34462080900684383,1,1,1,0,0,1,0,0,0,0
0.3011139674378749,-0.5173577103058005,-0.43410852713178294,360.0,1.0,-0.21619608135290175,-0.8210526315789474,-0.31460730537682075,1,1,0,0,1,0,0,1,0,1
-0.4498714652956298,-0.5173577103058005,-0.5426356589147286,360.0,1.0,-0.8691052670788945,-0.45698611349219953,1.4624714098928728,0,0,0,0,0,0,1,0,1,1
0.5893744644387318,1.5059310044618566,0.5271317829457365,360.0,1.0,1.4195038366982047,-0.211943539630836,-0.9192372185055837,1,0,0,1,0,0,0,0,0,1
4.3573264781491,-0.075960387419741,0.34108527131782945,360.0,1.0,3.61245623184087,0.46091776672952733,-1.742869505474867,1,1,0,1,0,0,1,0,0,1
0.9897172236503856,0.24442267929045597,1.5813953488372092,300.0,1.0,0.9039707963942487,-0.37012400708611926,0.34570485021179426,1,1,0,1,0,0,0,1,0,1
-0.3220222793487575,0.29752965502230927,0.06201550387596899,360.0,0.0,-0.20010429859196902,-0.7088862220698324,0.41281800717951445,1,1,0,1,0,0,0,1,0,0
4.405998286203942,0.46207421917510066,-0.6511627906976745,360.0,1.0,4.023094688221709,1.4517400994342533,-2.1911165626487428,1,1,1,0,0,0,1,1,0,1
-0.2966580976863753,0.18043312656437044,0.0,360.0,1.0,-0.25821351411755944,-0.7267158123321332,0.44785159336498087,1,1,0,1,0,0,0,0,1,0
0.1842330762639246,-0.5173577103058005,0.40310077519379844,360.0,1.0,-0.3178127095284214,0.05047145551174353,1.261329296288208,0,0,0,0,0,1,0,0,0,1
-0.24592973436161097,-0.5173577103058005,-0.23255813953488372,360.0,1.0,-0.6917976607315801,-0.9304988856506086,1.385324368572174,1,1,0,0,1,1,0,0,0,1
-0.59280205655527,0.8538469909674611,0.0,360.0,1.0,-0.05468226178946584,0.29267958169038233,0.03702925027690619,1,1,0,0,0,0,0,1,0,1
2.4063410454155956,-0.5173577103058005,1.6434108527131783,360.0,1.0,1.6140952097146688,1.8287673581347506,-0.28291507271534866,1,1,0,0,0,0,0,1,0,1
1.5494430162810626,-0.5173577103058005,1.8294573643410852,360.0,1.0,0.8691052670788945,-0.38082176124349965,0.6032997311802363,1,1,0,1,0,0,0,1,0,1
-0.6356469580119966,0.5430405920121885,0.046511627906976744,360.0,1.0,-0.30470088653803173,-0.5400994342533859,0.6359936715659357,1,1,1,0,0,1,0,0,0,1
-0.0910025706940874,-0.5173577103058005,-0.7441860465116279,360.0,0.0,-0.5571034791030322,-0.8184239099377109,-0.17621744782686677,1,0,0,1,0,0,0,0,0,0
4.977035132819195,-0.5173577103058005,5.767441860465116,360.0,1.0,3.849065037621992,1.3716440939482255,0.35177908062146646,1,1,1,0,0,0,0,0,1,0
0.2640959725792631,0.38937860485362935,0.49612403100775193,360.0,1.0,0.37234597332936004,-0.5332418995371164,-0.014188440426881674,1,1,0,1,0,0,1,1,0,1
-0.4721508140531277,-0.5173577103058005,-0.8217054263565892,360.0,1.0,-0.8884750055874245,-0.4748157037545003,0.7464768084803235,1,0,0,0,0,0,0,0,1,0
-0.381662382176521,0.6949613668516704,-0.49612403100775193,360.0,1.0,0.02011472845116591,0.3615292302417281,-0.7411202713431203,1,0,0,0,0,1,0,1,0,1
0.521165381319623,-0.025029927086734138,0.8992248062015504,360.0,1.0,0.3121507859643895,-0.2561974969998286,0.5197829684280822,1,1,1,0,0,1,0,0,1,1
-0.0416452442159383,-0.5173577103058005,-0.27906976744186046,360.0,1.0,-0.5141920584072115,-0.13029315960912052,0.6347449661643397,1,0,0,0,0,1,0,0,0,1
4.610282776349615,-0.5173577103058005,1.503875968992248,360.0,1.0,3.5302093421738805,3.5925252871592663,-1.241464977375035,0,0,0,0,0,1,1,1,0,1
-0.07386461011139675,0.42159103275655674,-0.13953488372093023,360.0,0.0,0.10057364225582954,0.4355906051774387,-0.3857853103294195,1,1,0,0,0,0,0,0,0,0
-0.16675235646958012,-0.11992599847643923,-0.35658914728682173,84.0,1.0,-0.35089026298144976,-0.5613577918738214,0.07169636565576423,0,1,1,0,0,0,0,1,0,1
-0.4155955441302485,0.2226575253019915,-0.32558139534883723,360.0,1.0,-0.33271250838113686,0.03675638607920453,0.084421223614744,1,1,0,0,0,1,0,0,0,1
0.27849185946872324,0.7263031885950593,-0.26356589147286824,12.0,1.0,0.6155106906056769,0.9095834047659866,-1.0398475045122069,1,1,0,0,0,0,0,0,1,1
-0.3144815766923736,-0.5173577103058005,-0.5116279069767442,360.0,1.0,-0.7513968561424421,-0.7456883250471456,0.9718624908674502,1,1,1,0,0,0,1,1,0,1
0.8467866323907455,1.4049406899553813,1.255813953488372,360.0,0.0,1.5741637487893914,1.792010972055546,-0.5140911463397562,1,0,0,0,0,0,0,0,0,0
-1.0856898029134534,1.0858635324844923,-0.23255813953488372,480.0,1.0,-0.3243686210236162,0.04443682496142637,0.22152229162637788,0,0,0,0,0,0,0,0,0,1
-0.22399314481576693,-0.5173577103058005,-0.43410852713178294,360.0,1.0,-0.6727259182001043,-0.2762214983713355,0.8421152915224717,0,0,0,0,0,0,0,1,0,1
0.3607540702656384,1.930786810316683,1.2403100775193798,360.0,1.0,1.5115845936079864,-0.18369049659980566,-0.48099872252770826,1,1,0,1,0,0,0,1,0,1
0.08140531276778064,1.7906192186309717,0.15503875968992248,360.0,1.0,1.172763167697236,0.1398937082118978,-1.0487318522422873,1,1,1,0,0,1,0,0,0,0
0.0005141388174807198,0.1281967569920557,-0.06201550387596899,300.0,1.0,-0.03561051925799002,0.3102348705640322,-0.08052973479211716,1,1,0,0,0,1,0,1,0,1
-0.1036846615252785,1.4049406899553813,1.7829457364341086,360.0,1.0,0.7478209044177904,-0.41803531630378876,0.730562974298011,1,1,0,1,0,0,0,0,0,1
5.833933161953728,2.384807922516052,5.457364341085271,360.0,1.0,6.58079415927885,6.4005486027773015,-0.7468181945707384,1,1,0,0,0,0,0,0,1,1
-0.07866323907455013,-0.5173577103058005,-0.49612403100775193,360.0,1.0,-0.5463756239290769,-0.15991770958340476,0.29806889113181784,1,0,0,0,0,0,0,0,1,0
-0.4570694087403599,0.7942104690390684,0.9302325581395349,360.0,1.0,0.02249869626760039,0.3637236413509343,1.130342615049576,1,1,0,0,0,0,1,0,1,1
3.2389031705227076,-0.5173577103058005,-1.3643410852713178,360.0,1.0,2.3379274379795874,0.6761529230241728,-2.3623103632533433,0,0,1,0,0,0,0,0,1,1
-0.07352185089974293,0.042877353357275,-0.43410852713178294,360.0,1.0,-0.15838486180436565,0.19722269843991086,-0.40933069752405865,1,0,0,0,0,1,0,0,0,0
0.7720651242502142,0.35498966155185546,1.8914728682170543,360.0,1.0,0.7904343291365566,-0.03607063260757758,0.7668351726341784,1,1,1,0,0,0,0,1,0,1
-0.1814910025706941,0.36848405702470344,0.31007751937984496,360.0,1.0,-0.029352603739849513,-0.6564946568375335,0.41407727847397,1,1,0,1,0,0,0,0,1,1
-0.5766923736075407,2.3843726194362826,-0.8992248062015504,180.0,1.0,1.00707740445504,1.2700154294531116,-1.80935435587235,1,1,0,0,0,0,0,1,0,0
0.6863753213367609,1.0784633801284145,2.8372093023255816,360.0,1.0,1.211204648737242,1.457911880678896,0.9704357311373563,1,0,0,0,0,0,0,0,0,0
-0.11876606683804627,0.9748612471433236,0.34108527131782945,360.0,1.0,0.44028905609774266,-0.6699811417795303,-0.26530540433924277,1,1,0,0,1,0,0,0,0,1
-0.6106255355612682,0.19305691587767984,-0.23255813953488372,480.0,1.0,-0.5225359457647322,-0.8078175895765473,0.7518708971923317,0,1,0,1,0,0,0,1,0,1
-0.25312767780634104,0.2661878332789204,-0.07751937984496124,360.0,0.0,-0.16166281755196305,0.19420538316475228,0.12383114546990928,1,1,0,0,0,1,0,1,0,0
0.2983718937446444,0.31624768745238874,0.8837209302325582,360.0,1.0,0.352082246889667,0.6671009771986971,0.437438297515481,1,0,0,0,0,0,0,1,0,0
-0.14138817480719795,-0.5173577103058005,-0.5116279069767442,360.0,1.0,-0.6009088877300156,-0.2101148637064975,0.4265153863937136,0,0,0,0,0,1,0,0,0,0
-0.5554413024850042,0.24094025465230168,-1.2868217054263567,360.0,1.0,-0.4417790359830142,-0.7830390308017602,-1.4199178285764964,1,1,0,1,0,1,0,1,0,1
-0.4498714652956298,-0.5173577103058005,-1.1317829457364341,360.0,1.0,-0.8691052670788945,-0.45698611349219953,-0.23823403148058864,1,0,0,0,0,0,0,1,0,1
0.6390745501285348,0.10251387528566765,-0.43410852713178294,360.0,1.0,0.5019742233479848,-0.6557860449168524,-1.124108716707454,1,1,0,0,1,0,1,0,0,1
1.4174807197943444,2.6020241593209272,5.457364341085271,360.0,1.0,2.889815987484169,0.2391908109034802,0.8536450861685003,1,1,0,1,0,0,1,0,0,1
0.29734361610968296,0.3911198171727065,0.0,360.0,1.0,0.40244356701184536,0.7134579118806789,-0.5833738098869184,1,0,0,0,0,0,0,1,0,0
4.691516709511568,-0.5173577103058005,4.217054263565892,360.0,1.0,3.600834388735752,0.4573518486770672,-0.1423295892978745,1,1,0,1,0,0,1,0,0,1
-0.012853470437017995,-0.5173577103058005,-0.27906976744186046,360.0,1.0,-0.48916039633464947,-0.10725184296245499,0.560546234204577,1,1,0,0,0,0,0,1,0,1
0.50471293916024,0.10512569376428338,0.5116279069767442,360.0,0.0,0.38694777620502124,-0.22177267272415566,-0.017122995631685595,1,1,1,0,0,1,0,1,0,1
-0.3885175664095973,0.049406899553814346,-0.5271317829457365,360.0,1.0,-0.42777322506146165,-0.596742671009772,-0.057852093546207954,1,0,1,0,0,1,0,1,0,1
1.0181662382176522,-0.5173577103058005,0.031007751937984496,360.0,1.0,0.4072115026447143,0.7178467340990914,-0.555375208880805,1,0,0,0,0,1,0,1,0,1
-0.9554413024850043,1.876809228425291,1.3643410852713178,360.0,1.0,0.3303285405647024,0.6470769758271901,1.0041143172541092,1,1,0,0,0,0,0,0,0,1
0.16058269065981148,-0.5173577103058005,-0.43410852713178294,360.0,1.0,-0.33837443194516875,-0.8491685239156523,-0.08617437593541971,1,1,0,0,1,0,0,0,1,1
-0.07694944301628107,-0.5173577103058005,-0.27906976744186046,360.0,0.0,-0.5448856440438055,-0.8146751242928167,0.7304685485894037,1,0,0,1,0,0,0,0,0,0
2.5492716366752357,-0.5173577103058005,1.054263565891473,360.0,1.0,1.738359532146316,0.4002057260414881,-0.7504347930638242,1,0,1,0,0,0,0,1,0,0
4.919451585261354,-0.5173577103058005,-0.046511627906976744,360.0,1.0,3.799001713476868,3.83994513972227,-1.9298356343475602,0,0,0,0,0,1,1,0,1,1
-0.43273350471293914,0.3715311785830885,-0.031007751937984496,360.0,1.0,-0.2456976830812784,0.1168523915652323,0.3703303353780154,1,0,0,0,0,1,0,0,0,1
0.7953727506426735,1.1829361192730439,3.0387596899224807,360.0,1.0,1.3774864039335468,1.6109720555460312,0.9113232257041645,1,1,0,0,0,0,0,0,1,1
-0.06700942587832048,-0.5173577103058005,-0.32558139534883723,360.0,1.0,-0.5362437607092304,-0.8120235442025258,0.6101636562496575,1,0,0,1,0,0,0,1,0,1
-0.30694087403598974,-0.2840352595494613,-0.9612403100775194,360.0,1.0,-0.5851151009461373,-0.19557689010800616,-0.5611650912136945,1,1,0,0,0,1,0,0,0,0
0.8927163667523564,-0.5173577103058005,0.4496124031007752,180.0,1.0,0.29814497504283693,-0.7026915823761358,0.037712306732632185,1,1,0,0,1,0,0,0,0,1
0.2726649528706084,0.7210795516378279,0.18604651162790697,180.0,1.0,0.6068688072711018,-0.12055546031201783,-0.5980247428150952,0,1,1,0,0,0,0,1,0,1
-0.5739502999143102,-0.5173577103058005,-0.4496124031007752,360.0,0.0,-0.9769798107725546,-0.556283216183782,2.4812116369851,0,0,0,0,0,0,0,1,0,0
-0.055012853470437016,-0.5173577103058005,-0.5116279069767442,360.0,1.0,-0.5258139015123295,-0.6418652494428253,0.21079063684767904,0,0,1,0,0,0,0,1,0,1
-0.539331619537275,0.581347263031886,0.0,360.0,1.0,-0.19474037100499142,-0.489490828047317,0.3070903455159352,1,1,1,0,0,1,0,0,1,1
-0.2726649528706084,-0.22875176841876158,-0.40310077519379844,360.0,1.0,-0.5174700141548089,-0.1333104748842791,0.4014763962671523,0,1,0,0,0,1,0,1,0,1
-0.3580119965724079,0.33148329524431386,0.4186046511627907,360.0,1.0,-0.20815018997243537,0.15141436653523058,0.9760812646429746,1,1,0,0,0,0,0,0,0,1
-0.1557840616966581,-0.5173577103058005,-0.7441860465116279,36.0,1.0,-0.6134247187662967,-0.22163552202983028,-0.03418243194273936,1,0,0,0,0,1,0,1,0,0
-0.44095972579263065,0.25878768092284254,0.26356589147286824,360.0,1.0,-0.3300305445876481,0.039225098577061544,1.065323005929339,1,0,0,0,0,0,0,0,0,1
0.4070265638389032,-0.5173577103058005,-0.3875968992248062,360.0,0.0,-0.12411532444312001,0.22876735813475055,-0.3948779537123547,0,0,0,0,0,0,0,1,0,0
-0.35218508997429304,0.36021329850908695,-0.27906976744186046,360.0,1.0,-0.18341652387692767,0.17418138179324533,-0.13620363728731427,1,1,0,0,0,0,0,0,0,1
0.9667523564695801,-0.5173577103058005,0.0,360.0,0.0,0.3625121060865678,-0.536259214812275,-0.5406181013828781,1,1,0,1,0,0,1,0,0,0
-0.4526135389888603,0.5164871041462619,0.0,360.0,1.0,-0.1637487893913432,-0.47522715583747643,0.24283830944839963,1,1,1,0,0,1,0,0,0,1
-0.16435304198800343,0.89737729894439,0.46511627906976744,360.0,1.0,0.34761230723385234,-0.23987656437510715,-0.01432102704478099,1,1,1,0,0,0,0,0,1,1
-0.46563838903170524,0.4982043747959517,0.8217054263565892,360.0,0.0,-0.187588467555688,0.1703411623521344,1.5308059127185007,1,1,0,0,0,1,0,0,1,0
-0.07523564695801199,1.339645227989988,0.06201550387596899,180.0,0.0,0.7278551739551516,1.0129950282873308,-0.8204985081892552,1,1,0,0,0,0,0,0,0,0
0.5674378748928878,-0.06812493198389379,-1.5813953488372092,360.0,1.0,0.32287864113834464,-0.25126007200411454,-2.2522273173175824,1,1,1,0,0,0,0,1,0,1
-0.39263067694944304,0.19000979431929482,-0.6821705426356589,360.0,1.0,-0.3350964761975713,0.034561974969998285,-0.5099781809520189,0,0,0,0,0,0,0,0,1,1
2.168466152527849,-0.5173577103058005,2.046511627906977,360.0,1.0,1.4072860016389779,-0.447454140236585,0.1694378842539802,1,1,0,0,1,0,1,1,0,1
0.02553556126820908,0.6444662095984329,0.5271317829457365,360.0,1.0,0.339566415853386,0.6555803188753643,0.0650050091162499,1,1,0,0,0,0,0,1,0,1
0.12596401028277635,0.48645119164218087,0.8372093023255814,360.0,1.0,0.3187066974595843,0.6363792216698098,0.4398593669474837,0,1,0,0,0,0,0,1,0,1
-0.04712939160239932,-0.4120143650016324,-0.31007751937984496,360.0,1.0,-0.4468449675929375,-0.7845934053374478,0.3852223758702504,1,1,0,1,0,1,0,1,0,1
5.371550985432734,-0.5173577103058005,7.317829457364341,360.0,1.0,4.192058407211503,1.5295045431167495,0.7457693032063928,0,1,1,0,0,0,1,1,0,1
0.7233933161953727,0.3767548155403199,1.2868217054263567,360.0,1.0,0.7630186992475602,1.0453625921481227,0.2597869845441513,1,1,0,0,0,0,0,0,0,1
0.6812339331619537,-0.5173577103058005,0.06201550387596899,360.0,1.0,0.1142814572003278,0.4482084690553746,-0.15335308839933576,1,0,0,0,0,1,1,1,0,1
1.7091688089117396,-0.5173577103058005,2.0155038759689923,360.0,0.0,1.0079713923862028,-0.3382136122064118,0.5809592825335723,1,1,0,1,0,0,0,0,1,0
0.22433590402742073,-0.5173577103058005,-0.12403100775193798,360.0,1.0,-0.28294718021306714,0.08256471798388479,0.3059544386347577,1,1,0,0,0,1,0,0,0,1
-0.16435304198800343,-0.5173577103058005,-0.8992248062015504,360.0,1.0,-0.6208746181926544,-0.22849305674609977,-0.3498875579781355,1,0,0,0,0,0,0,0,1,1
-0.14138817480719795,0.570899989117423,-0.07751937984496124,360.0,0.0,0.14408105490575876,-0.7381450368592491,-0.3671902870709044,1,1,0,0,1,0,0,0,0,0
-0.49168808911739503,-0.5173577103058005,-1.8449612403100775,360.0,1.0,-0.9054607762795203,-0.4904508829075947,-2.276317695841752,0,0,0,0,0,0,0,0,1,0
-0.22159383033419022,0.38110784633801287,-0.37209302325581395,360.0,0.0,-0.05557624972062877,0.29185667752442995,-0.4748472218497956,1,1,0,0,0,0,0,0,1,0
-0.13556126820908312,0.24442267929045597,0.8992248062015504,360.0,1.0,-0.07434999627505029,-0.4340819475398594,1.3279453375004064,1,1,1,0,0,0,0,0,1,1
0.4467866323907455,0.11426705843943846,0.5736434108527132,360.0,0.0,0.3428443716009834,0.6585976341505229,0.11148786237497006,1,1,0,0,0,0,0,0,1,0
4.405655526992288,-0.5173577103058005,2.2790697674418605,360.0,1.0,3.3523057438724577,0.38109606263215035,-0.8535470194452144,1,1,0,1,0,0,0,0,1,1
0.792630676949443,0.19000979431929482,0.9147286821705426,480.0,1.0,0.6953736124562319,-0.43412766443796785,-1.9771865460206994e-05,1,1,0,1,0,1,0,1,0,0
0.8889460154241645,-0.5173577103058005,0.34108527131782945,360.0,1.0,0.2948670192952395,-0.7034459111949254,-0.07985047512743125,1,1,0,0,1,0,0,1,0,0
-0.22399314481576693,-0.31668299053215804,-0.31007751937984496,84.0,1.0,-0.5353497727780675,-0.811749242813875,0.6383290376774401,1,1,0,1,0,0,0,0,1,1
-0.2486718080548415,0.4446620959843291,0.12403100775193798,360.0,0.0,-0.03561051925799002,0.3102348705640322,0.1729462309541535,1,1,0,0,0,0,0,1,0,0
-0.2,0.6749374251822832,-0.27906976744186046,360.0,1.0,0.16434478134545183,0.49429110234870566,-0.6374930519525933,1,0,0,0,0,0,0,0,1,1
-0.6959725792630677,0.4542387637392535,-0.32558139534883723,360.0,1.0,-0.4179393578186694,-0.5922166980970341,0.28279739323935116,1,1,1,0,0,0,0,0,0,1
-0.21610968294772923,0.7524213733812166,0.5116279069767442,360.0,1.0,0.20338225433956642,0.5302245842619578,0.2538259411262128,1,0,0,0,0,0,0,0,1,1
0.9348757497857755,-0.5173577103058005,1.193798449612403,360.0,1.0,0.334798480220517,-0.5447625578604491,0.8074274502587679,1,1,0,1,0,0,0,1,0,1
-0.6774635818337618,14.211992599847644,-0.5891472868217055,360.0,1.0,9.016315279743724,8.642413852220127,-2.417495998918237,1,0,0,0,0,0,0,0,1,0
-0.22159383033419022,-0.5173577103058005,-1.426356589147287,360.0,1.0,-0.6706399463607241,-0.27430138865078,-1.4275177763915614,0,1,0,0,0,0,0,1,0,1
-0.662382176520994,-0.5173577103058005,-1.0387596899224807,360.0,1.0,-1.0538627728525665,-0.8848962797874165,0.930643868455539,1,1,1,0,0,0,0,0,0,0
-0.35149957155098543,0.3171182936119273,0.27906976744186046,360.0,0.0,-0.2123221336511957,-0.497582719012515,0.7729489164538206,1,1,1,0,0,0,0,0,0,0
0.16126820908311912,0.7885515290020677,0.6821705426356589,84.0,1.0,0.5562094911718691,-0.14387107834733415,-0.0573504140194936,1,1,1,0,0,0,0,0,0,0
-0.5194515852613539,0.145173577103058,-0.37209302325581395,360.0,1.0,-0.4760485733442599,-0.09518258186182067,0.34719574707684075,1,1,0,0,0,0,0,0,1,1
-0.5646958011996572,-0.5173577103058005,-0.8992248062015504,360.0,1.0,-0.9689339193920882,-0.5488770786902109,0.9178611649313583,0,0,0,0,0,1,0,1,0,1
0.3213367609254499,-0.5173577103058005,-0.5271317829457365,360.0,1.0,-0.19861431870669746,0.16019201097205554,-0.4855665402675877,1,0,0,0,0,0,0,1,0,1
-0.37240788346186804,-0.5173577103058005,-0.34108527131782945,360.0,0.0,-0.8017581762646204,-0.8934910566318076,1.650982626229226,1,1,0,1,0,0,1,1,0,0
-0.27849185946872324,0.9696376101860921,-1.1162790697674418,180.0,1.0,0.2978469790657826,0.6171781244642551,-1.7231983245291453,1,1,0,0,0,0,0,1,0,1
0.7497857754927164,-0.5173577103058005,1.193798449612403,240.0,1.0,0.17388065261118976,-0.5941368078175896,1.1230762450573795,1,1,0,1,0,0,1,1,0,0
1.9004284490145673,-0.5173577103058005,2.5426356589147288,360.0,1.0,1.1742531475825075,-0.5010800617178125,0.7918769110206505,1,0,0,0,1,0,1,1,0,1
0.015938303341902313,0.9191424529328545,0.21705426356589147,180.0,1.0,0.5192579900171348,0.8209840562317847,-0.4804533664583301,1,1,0,0,0,0,0,0,0,1
4.218508997429306,-0.5173577103058005,2.046511627906977,360.0,1.0,3.1895999404008046,3.2789987999314247,-0.8951278989041243,1,1,0,0,0,0,1,0,1,1
0.0070265638389031704,-0.5173577103058005,-0.27906976744186046,360.0,1.0,-0.47187662966549954,-0.09134236242070976,0.5112117699018359,1,0,0,0,0,1,0,0,0,1
0.8810625535561268,-0.08205463053651105,0.9147286821705426,360.0,1.0,0.5860090888773002,-0.46768386764958,0.13418211225922136,1,1,0,1,0,1,1,0,0,0
-0.2829477292202228,-0.5173577103058005,-0.6201550387596899,360.0,0.0,-0.7239812262534456,-0.32340133721926967,0.5965659232894007,1,0,0,0,0,0,0,1,0,0
2.1081405312767783,-0.5173577103058005,0.8062015503875969,360.0,1.0,1.3548387096774193,1.590125150008572,-0.6783086458805823,1,1,0,0,0,0,1,0,0,1
0.6743787489288775,-0.5173577103058005,0.9922480620155039,360.0,1.0,0.1083215376592416,-0.6142522429853133,1.0169305653443896,1,1,0,1,0,0,0,0,1,1
-1.1641816623821766,17.62041571444118,3.441860465116279,180.0,1.0,10.926469492661848,1.7431167495285445,-1.7692160561703851,0,0,0,0,1,0,0,0,1,0
-0.3148243359040274,0.6980084884100555,0.4186046511627907,360.0,1.0,0.08030991581613649,0.4169381107491857,0.35029247800482205,1,1,0,0,0,1,0,0,0,1
0.6479862896315338,-0.5173577103058005,0.0,360.0,1.0,0.08537584742605975,-0.7516543802503001,-0.18851888169284559,1,1,0,0,1,0,0,0,1,1
-0.0467866323907455,1.354880835781913,0.6821705426356589,360.0,1.0,0.7630186992475602,1.0453625921481227,-0.28724223938884175,1,0,0,0,0,0,0,0,0,1
2.8063410454155955,-0.5173577103058005,5.705426356589148,360.0,1.0,1.9618565149370484,0.5030687467855306,1.924943942196183,0,1,1,0,0,0,0,1,0,1
-0.48414738646101113,1.1367939928174993,0.0,180.0,1.0,0.2334798480220517,0.5579290245156866,-0.3898249239629429,1,1,0,0,0,1,0,0,1,0
-0.14138817480719795,0.570899989117423,0.6976744186046512,360.0,1.0,0.14408105490575876,-0.33355048859934855,0.5810174746225955,1,1,1,0,0,0,0,1,0,1
0.059811482433590406,0.09685493524866688,0.4496124031007752,360.0,1.0,-0.005512925575504731,-0.6491799531401795,0.5544788994768649,1,1,0,1,0,1,0,0,0,1
-0.19897172236503857,0.33148329524431386,-0.31007751937984496,360.0,1.0,-0.06988005661923564,0.27869021086919255,-0.3678709765486159,1,1,0,0,0,0,0,0,0,1
-0.31276778063410454,-0.5173577103058005,-0.8837209302325582,360.0,1.0,-0.7499068762571706,-0.3472655580318875,0.039558145876238376,0,0,0,0,0,0,0,0,0,1
0.10059982862039417,-0.5173577103058005,-1.3643410852713178,180.0,1.0,-0.39052372792967294,-0.8611692096691239,-1.609781226138103,1,1,0,0,1,0,0,0,0,1
1.4599828620394173,-0.41288497116117095,1.937984496124031,360.0,1.0,0.862847351560754,-0.0027430138865078006,0.7058724350434691,1,1,1,0,0,0,0,0,1,1
1.2923736075407026,-0.5173577103058005,0.9147286821705426,360.0,1.0,0.6456082842881621,-0.4493971084061947,0.059436932433396775,1,1,0,1,0,0,0,0,1,1
0.2640959725792631,-0.5173577103058005,0.07751937984496124,360.0,0.0,-0.24837964687476718,0.11438367906737527,0.5472560645084462,0,0,0,0,0,0,1,1,0,0
