Gender,Married,Dependents,Education,Self_Employed,LoanAmount,Loan_Amount_Term,Credit_History,Property_Area,totalIncome,incomePerDependent,loanToIncomeRatio,Loan_Status
Male,No,0,Graduate,No,128.0,360.0,1.0,Urban,5849.0,5849.0,0.021884082749187895,1
Male,Yes,1,Graduate,No,128.0,360.0,1.0,Rural,6091.0,3045.5,0.0210146117222131,0
Male,Yes,0,Graduate,Yes,66.0,360.0,1.0,Urban,3000.0,3000.0,0.022,1
Male,Yes,0,Not Graduate,No,120.0,360.0,1.0,Urban,4941.0,4941.0,0.024286581663630843,1
Male,No,0,Graduate,No,141.0,360.0,1.0,Urban,6000.0,6000.0,0.0235,1
Male,Yes,2,Graduate,Yes,267.0,360.0,1.0,Urban,9613.0,3204.3333333333335,0.027774888172266723,1
Male,Yes,0,Not Graduate,No,95.0,360.0,1.0,Urban,3849.0,3849.0,0.024681735515718367,1
Male,Yes,3,Graduate,No,158.0,360.0,0.0,Semiurban,5540.0,1385.0,0.02851985559566787,0
Male,Yes,2,Graduate,No,168.0,360.0,1.0,Urban,5532.0,1844.0,0.03036876355748373,1
Male,Yes,1,Graduate,No,349.0,360.0,1.0,Semiurban,23809.0,11904.5,0.014658322483094628,0
Male,Yes,2,Graduate,No,70.0,360.0,1.0,Urban,3900.0,1300.0,0.017948717948717947,1
Male,Yes,2,Graduate,No,109.0,360.0,1.0,Urban,4340.0,1446.6666666666667,0.02511520737327189,1
Male,Yes,2,Graduate,No,200.0,360.0,1.0,Urban,11179.0,3726.3333333333335,0.01789068789694964,1
Male,No,0,Graduate,No,114.0,360.0,1.0,Rural,4693.0,4693.0,0.024291497975708502,0
Male,Yes,2,Graduate,No,17.0,120.0,1.0,Urban,2385.0,795.0,0.007127882599580713,1
Male,No,0,Graduate,No,125.0,360.0,1.0,Urban,4950.0,4950.0,0.025252525252525252,1
Male,No,1,Not Graduate,No,100.0,240.0,1.0,Urban,3596.0,1798.0,0.027808676307007785,1
Female,No,0,Graduate,No,76.0,360.0,0.0,Urban,3510.0,3510.0,0.021652421652421653,0
Male,Yes,0,Not Graduate,No,133.0,360.0,1.0,Rural,4887.0,4887.0,0.027215060364231634,0
Male,Yes,0,Graduate,No,115.0,360.0,1.0,Urban,6100.0,6100.0,0.018852459016393444,1
Male,Yes,0,Not Graduate,No,104.0,360.0,0.0,Urban,7660.0,7660.0,0.013577023498694517,0
Male,Yes,1,Graduate,No,315.0,360.0,1.0,Urban,11580.0,5790.0,0.027202072538860103,1
Male,Yes,0,Not Graduate,No,116.0,360.0,0.0,Semiurban,4511.0,4511.0,0.025714919086677012,0
Male,Yes,2,Not Graduate,No,112.0,360.0,0.0,Rural,5282.0,1760.6666666666667,0.021204089360090876,0
Male,Yes,1,Graduate,No,151.0,360.0,1.0,Semiurban,6642.0,3321.0,0.02273411623005119,0
Male,Yes,0,Graduate,Yes,191.0,360.0,1.0,Semiurban,9560.0,9560.0,0.01997907949790795,1
Male,Yes,0,Graduate,No,122.0,360.0,1.0,Semiurban,5052.0,5052.0,0.02414885193982581,1
Male,Yes,2,Not Graduate,No,110.0,360.0,1.0,Urban,5266.0,1755.3333333333333,0.020888720091150777,1
Male,No,0,Not Graduate,No,35.0,360.0,1.0,Urban,1442.0,1442.0,0.024271844660194174,0
Female,No,2,Graduate,No,120.0,360.0,1.0,Semiurban,5833.0,1944.3333333333333,0.020572604148808505,1
Male,Yes,1,Graduate,No,201.0,360.0,1.0,Urban,7535.0,3767.5,0.026675514266755143,0
Male,No,0,Graduate,No,74.0,360.0,1.0,Urban,3167.0,3167.0,0.023365961477739186,0
Male,No,1,Graduate,Yes,106.0,360.0,1.0,Rural,4692.0,2346.0,0.022591645353793693,0
Male,Yes,0,Graduate,No,114.0,360.0,1.0,Semiurban,5167.0,5167.0,0.022063092703696534,1
Male,No,3,Graduate,No,320.0,360.0,1.0,Rural,15500.0,3875.0,0.02064516129032258,0
Male,Yes,0,Graduate,No,128.0,360.0,1.0,Urban,4342.0,4342.0,0.02947950253339475,1
Male,Yes,0,Graduate,No,100.0,360.0,0.0,Urban,3158.0,3158.0,0.031665611146295125,0
Female,Yes,0,Graduate,No,144.0,360.0,1.0,Semiurban,5126.0,5126.0,0.02809207959422552,1
Male,No,0,Graduate,No,184.0,360.0,1.0,Urban,11376.0,11376.0,0.01617440225035162,1
Male,No,0,Not Graduate,No,110.0,360.0,1.0,Semiurban,5416.0,5416.0,0.02031019202363368,1
Male,No,0,Graduate,No,80.0,360.0,1.0,Urban,3600.0,3600.0,0.022222222222222223,0
Male,No,0,Graduate,No,47.0,360.0,1.0,Urban,3013.0,3013.0,0.015599070693660804,1
Male,Yes,0,Graduate,No,75.0,360.0,1.0,Urban,2400.0,2400.0,0.03125,1
Male,Yes,0,Graduate,No,134.0,360.0,1.0,Semiurban,6277.0,6277.0,0.021347777600764697,1
Male,Yes,0,Not Graduate,Yes,96.0,360.0,1.0,Urban,4695.0,4695.0,0.020447284345047924,1
Female,No,0,Graduate,No,88.0,360.0,1.0,Urban,3410.0,3410.0,0.025806451612903226,1
Male,Yes,1,Graduate,No,44.0,360.0,1.0,Urban,5649.0,2824.5,0.007788989201628607,1
Male,Yes,0,Graduate,No,144.0,360.0,1.0,Urban,5821.0,5821.0,0.02473801752276241,1
Female,Yes,0,Graduate,No,120.0,360.0,0.0,Urban,6085.0,6085.0,0.01972062448644207,0
Female,No,0,Graduate,No,144.0,360.0,1.0,Semiurban,6275.0,6275.0,0.022948207171314742,1
Female,Yes,0,Not Graduate,No,100.0,360.0,1.0,Semiurban,3572.0,3572.0,0.027995520716685332,1
Female,No,0,Graduate,No,120.0,360.0,1.0,Semiurban,3086.0,3086.0,0.03888528839922229,1
Female,No,0,Graduate,No,112.0,360.0,1.0,Semiurban,4230.0,4230.0,0.026477541371158392,0
Male,Yes,2,Graduate,No,134.0,360.0,1.0,Urban,4616.0,1538.6666666666667,0.02902946273830156,0
Female,Yes,1,Graduate,Yes,286.0,360.0,0.0,Urban,11500.0,5750.0,0.024869565217391306,0
Male,Yes,2,Graduate,No,97.0,360.0,1.0,Semiurban,3875.0,1291.6666666666667,0.02503225806451613,1
Male,Yes,0,Graduate,No,96.0,360.0,1.0,Semiurban,3723.0,3723.0,0.0257856567284448,1
Male,Yes,0,Graduate,No,135.0,360.0,1.0,Rural,5566.0,5566.0,0.024254401724757457,0
Male,Yes,1,Graduate,No,180.0,360.0,1.0,Urban,10330.0,5165.0,0.017424975798644726,1
Male,Yes,2,Not Graduate,No,144.0,360.0,1.0,Urban,6216.0,2072.0,0.023166023166023165,1
Male,Yes,0,Graduate,No,120.0,360.0,1.0,Urban,6296.0,6296.0,0.01905972045743329,1
Male,Yes,3,Graduate,No,99.0,360.0,1.0,Urban,3029.0,757.25,0.03268405414328161,1
Male,Yes,0,Not Graduate,Yes,165.0,180.0,0.0,Rural,6058.0,6058.0,0.02723671178606801,0
Male,Yes,1,Graduate,No,128.0,360.0,0.0,Rural,4945.0,2472.5,0.025884732052578362,0
Female,No,0,Graduate,No,116.0,360.0,0.0,Semiurban,4166.0,4166.0,0.02784445511281805,0
Male,Yes,0,Graduate,No,258.0,360.0,1.0,Semiurban,10321.0,10321.0,0.024997577754093597,0
Male,No,0,Not Graduate,No,126.0,180.0,0.0,Urban,5454.0,5454.0,0.0231023102310231,0
Male,Yes,1,Graduate,No,312.0,360.0,1.0,Urban,10750.0,5375.0,0.02902325581395349,1
Male,Yes,3,Not Graduate,Yes,125.0,60.0,1.0,Urban,7100.0,1775.0,0.017605633802816902,1
Female,No,0,Graduate,No,136.0,360.0,0.0,Semiurban,4300.0,4300.0,0.03162790697674418,0
Male,Yes,0,Graduate,No,172.0,360.0,1.0,Urban,6274.0,6274.0,0.027414727446605038,1
Male,Yes,2,Not Graduate,Yes,97.0,360.0,1.0,Semiurban,3750.0,1250.0,0.025866666666666666,1
Male,No,0,Graduate,No,81.0,300.0,1.0,Semiurban,3500.0,3500.0,0.023142857142857142,1
Male,Yes,3,Not Graduate,No,95.0,360.0,0.0,Semiurban,4755.0,1188.75,0.019978969505783387,0
Male,Yes,3,Graduate,Yes,187.0,360.0,1.0,Semiurban,7040.0,1760.0,0.0265625,1
Male,No,0,Graduate,No,113.0,480.0,1.0,Urban,3750.0,3750.0,0.030133333333333335,0
Male,No,0,Graduate,No,176.0,360.0,1.0,Urban,8500.0,8500.0,0.020705882352941178,0
Male,Yes,1,Graduate,Yes,110.0,360.0,1.0,Urban,4022.0,2011.0,0.02734957732471407,0
Male,Yes,3,Graduate,No,180.0,300.0,0.0,Semiurban,7167.0,1791.75,0.025115110925073254,0
Male,Yes,3,Not Graduate,Yes,130.0,360.0,1.0,Semiurban,5499.0,1374.75,0.02364066193853428,1
Female,No,0,Graduate,No,111.0,360.0,1.0,Semiurban,3846.0,3846.0,0.028861154446177848,1
Male,Yes,1,Graduate,Yes,128.0,360.0,1.0,Semiurban,2395.0,1197.5,0.05344467640918581,1
Female,Yes,2,Graduate,No,167.0,360.0,1.0,Urban,3259.0,1086.3333333333333,0.0512427124884934,0
Male,Yes,0,Graduate,No,265.0,360.0,1.0,Semiurban,8250.0,8250.0,0.03212121212121212,0
Male,Yes,1,Graduate,No,50.0,240.0,1.0,Urban,3988.0,1994.0,0.012537612838515547,1
Male,No,0,Graduate,No,136.0,360.0,1.0,Semiurban,4897.0,4897.0,0.027772105370635083,1
Male,Yes,2,Not Graduate,No,99.0,360.0,1.0,Semiurban,5333.0,1777.6666666666667,0.0185636602287643,1
Male,Yes,0,Graduate,No,104.0,360.0,1.0,Semiurban,4618.0,4618.0,0.02252057167605024,1
Male,No,0,Graduate,No,210.0,360.0,1.0,Urban,8566.0,8566.0,0.02451552650011674,1
Male,Yes,0,Graduate,No,175.0,360.0,1.0,Semiurban,9862.0,9862.0,0.017744879334820524,1
Male,Yes,0,Graduate,No,131.0,360.0,1.0,Semiurban,5858.0,5858.0,0.022362581085694777,1
Male,Yes,2,Graduate,No,188.0,180.0,1.0,Semiurban,11904.0,3968.0,0.015793010752688172,1
Male,Yes,2,Not Graduate,No,81.0,360.0,1.0,Urban,5093.0,1697.6666666666667,0.015904182210877676,1
Male,No,0,Graduate,No,122.0,360.0,1.0,Semiurban,4133.0,4133.0,0.029518509557222357,1
Male,No,0,Not Graduate,No,25.0,120.0,1.0,Semiurban,3620.0,3620.0,0.006906077348066298,1
Male,No,0,Graduate,No,128.0,360.0,1.0,Urban,6782.0,6782.0,0.018873488646416987,0
Female,Yes,0,Graduate,No,137.0,360.0,1.0,Semiurban,4786.0,4786.0,0.028625156707062265,1
Male,Yes,0,Graduate,No,50.0,360.0,1.0,Semiurban,2974.0,2974.0,0.016812373907195696,1
Male,Yes,0,Not Graduate,No,115.0,180.0,1.0,Semiurban,4188.0,4188.0,0.027459407831900668,1
Male,Yes,0,Graduate,No,131.0,360.0,1.0,Semiurban,5300.0,5300.0,0.02471698113207547,1
Male,Yes,2,Not Graduate,No,133.0,180.0,1.0,Urban,7551.0,2517.0,0.01761356111773275,1
Male,No,0,Graduate,No,151.0,360.0,1.0,Semiurban,8649.0,8649.0,0.017458665741704245,1
Male,Yes,0,Graduate,No,128.0,360.0,1.0,Urban,13650.0,13650.0,0.009377289377289377,1
Male,Yes,0,Graduate,No,128.0,360.0,1.0,Semiurban,8235.0,8235.0,0.01554341226472374,1
Male,Yes,0,Graduate,No,160.0,360.0,1.0,Urban,4570.0,4570.0,0.0350109409190372,1
Male,Yes,1,Graduate,No,100.0,360.0,1.0,Urban,4082.0,2041.0,0.02449779519843214,1
Male,Yes,2,Graduate,No,225.0,360.0,1.0,Urban,12543.0,4181.0,0.01793829227457546,1
Male,No,0,Not Graduate,No,120.0,360.0,1.0,Rural,7333.0,7333.0,0.01636438019909996,0
Male,Yes,2,Graduate,No,216.0,360.0,0.0,Urban,7400.0,2466.6666666666665,0.02918918918918919,0
Male,Yes,3,Not Graduate,No,94.0,480.0,1.0,Semiurban,2825.0,706.25,0.03327433628318584,1
Male,No,0,Graduate,No,136.0,360.0,1.0,Urban,5316.0,5316.0,0.025583145221971408,1
Female,Yes,0,Graduate,No,139.0,360.0,1.0,Semiurban,5262.0,5262.0,0.026415811478525276,1
Male,Yes,0,Not Graduate,No,152.0,360.0,0.0,Rural,7686.0,7686.0,0.019776216497527973,0
Female,No,1,Graduate,Yes,128.0,360.0,1.0,Semiurban,7451.0,3725.5,0.01717890216078379,1
Male,No,0,Graduate,No,118.0,360.0,1.0,Semiurban,5050.0,5050.0,0.023366336633663366,1
Male,Yes,1,Graduate,No,185.0,180.0,1.0,Rural,14583.0,7291.5,0.012686004251525749,1
Female,Yes,0,Graduate,No,154.0,360.0,1.0,Semiurban,5450.0,5450.0,0.028256880733944955,1
Male,Yes,1,Graduate,No,85.0,360.0,1.0,Urban,3612.0,1806.0,0.02353266888150609,1
Male,Yes,0,Graduate,No,175.0,360.0,1.0,Rural,7710.0,7710.0,0.022697795071335927,0
Female,No,0,Graduate,No,259.0,360.0,1.0,Urban,10408.0,10408.0,0.024884704073789392,1
Male,Yes,0,Graduate,No,180.0,360.0,1.0,Rural,8334.0,8334.0,0.02159827213822894,1
Female,No,0,Graduate,No,44.0,360.0,1.0,Semiurban,4166.0,4166.0,0.01056168987037926,1
Female,No,0,Graduate,No,137.0,360.0,0.0,Semiurban,11117.0,11117.0,0.01232346856166232,1
Male,Yes,2,Graduate,No,81.0,360.0,1.0,Semiurban,2957.0,985.6666666666666,0.027392627663172135,1
Male,Yes,0,Not Graduate,No,194.0,360.0,1.0,Rural,6314.0,6314.0,0.030725372188786824,1
Female,No,0,Graduate,No,93.0,360.0,1.0,Rural,3692.0,3692.0,0.025189599133261104,1
Male,Yes,3,Graduate,No,370.0,360.0,1.0,Rural,23803.0,5950.75,0.015544259127000798,1
Male,No,0,Graduate,No,128.0,360.0,1.0,Rural,5505.0,5505.0,0.023251589464123524,1
Male,Yes,1,Graduate,Yes,160.0,180.0,0.0,Urban,14363.0,7181.5,0.011139734038849823,0
Male,Yes,0,Graduate,No,182.0,360.0,1.0,Rural,8649.0,8649.0,0.021042895132385248,0
Male,No,0,Graduate,Yes,650.0,480.0,1.0,Urban,20166.0,20166.0,0.03223247049489239,1
Male,No,0,Graduate,No,74.0,360.0,1.0,Urban,3943.0,3943.0,0.018767435962465127,1
Male,No,0,Graduate,No,70.0,360.0,1.0,Semiurban,2718.0,2718.0,0.025754231052244298,1
Male,Yes,0,Graduate,Yes,25.0,120.0,1.0,Semiurban,3459.0,3459.0,0.007227522405319456,1
Male,No,0,Graduate,No,102.0,360.0,1.0,Semiurban,4895.0,4895.0,0.020837589376915218,1
Male,Yes,3,Graduate,No,290.0,360.0,1.0,Semiurban,11750.0,2937.5,0.02468085106382979,0
Female,Yes,0,Graduate,No,84.0,360.0,1.0,Rural,4583.0,4583.0,0.0183286057167794,0
Male,Yes,2,Graduate,Yes,88.0,360.0,1.0,Urban,6816.0,2272.0,0.012910798122065728,1
Male,No,0,Graduate,No,242.0,360.0,0.0,Semiurban,14999.0,14999.0,0.016134408960597372,0
Male,Yes,2,Not Graduate,No,129.0,360.0,1.0,Rural,5630.0,1876.6666666666667,0.022912966252220248,0
Male,Yes,2,Graduate,No,185.0,360.0,1.0,Rural,7125.0,2375.0,0.025964912280701753,0
Male,No,0,Graduate,No,168.0,360.0,1.0,Urban,5417.0,5417.0,0.031013476093778844,1
Male,No,0,Graduate,Yes,175.0,180.0,1.0,Semiurban,6950.0,6950.0,0.025179856115107913,1
Male,Yes,0,Graduate,No,122.0,360.0,1.0,Semiurban,4732.0,4732.0,0.02578191039729501,1
Male,Yes,2,Graduate,No,187.0,180.0,1.0,Urban,11757.0,3919.0,0.01590541804882198,1
Female,Yes,0,Graduate,No,100.0,360.0,1.0,Semiurban,6816.0,6816.0,0.014671361502347418,1
Female,Yes,2,Graduate,No,70.0,360.0,1.0,Urban,14866.0,4955.333333333333,0.0047087313332436435,1
Male,Yes,1,Graduate,No,30.0,360.0,1.0,Urban,2963.0,1481.5,0.010124873439082012,1
Female,No,0,Graduate,No,225.0,360.0,1.0,Rural,11666.0,11666.0,0.019286816389507973,0
Male,Yes,0,Graduate,No,125.0,360.0,1.0,Semiurban,5690.0,5690.0,0.021968365553602813,1
Male,No,0,Graduate,No,118.0,360.0,0.0,Rural,6277.0,6277.0,0.018798789230524134,0
Male,Yes,0,Graduate,Yes,152.0,360.0,1.0,Rural,6327.0,6327.0,0.024024024024024024,1
Male,No,0,Graduate,No,244.0,360.0,1.0,Urban,9166.0,9166.0,0.026620117826751038,0
Male,Yes,2,Not Graduate,No,113.0,360.0,1.0,Rural,2281.0,760.3333333333334,0.049539675580885574,0
Male,No,0,Graduate,No,50.0,360.0,1.0,Urban,3254.0,3254.0,0.015365703749231715,1
Male,Yes,3,Graduate,No,600.0,180.0,0.0,Semiurban,39999.0,9999.75,0.015000375009375235,1
Male,Yes,1,Graduate,No,160.0,360.0,1.0,Rural,6000.0,3000.0,0.02666666666666667,1
Male,Yes,1,Graduate,No,187.0,360.0,1.0,Urban,9538.0,4769.0,0.019605787376808556,1
Male,No,0,Graduate,No,120.0,360.0,1.0,Rural,5063.0,5063.0,0.023701362828362632,1
Male,Yes,0,Graduate,No,255.0,360.0,1.0,Semiurban,10208.0,10208.0,0.02498040752351097,1
Male,Yes,0,Not Graduate,No,98.0,360.0,1.0,Semiurban,2904.0,2904.0,0.0337465564738292,1
Male,Yes,0,Graduate,No,275.0,360.0,1.0,Urban,7933.0,7933.0,0.03466532207235598,0
Male,Yes,1,Graduate,No,121.0,360.0,0.0,Semiurban,4369.0,2184.5,0.027695124742504004,0
Male,Yes,2,Graduate,No,158.0,360.0,1.0,Rural,5614.0,1871.3333333333333,0.028143925899536872,1
Male,Yes,0,Graduate,No,75.0,180.0,1.0,Urban,9323.0,9323.0,0.008044620830204869,1
Male,Yes,0,Graduate,No,182.0,360.0,1.0,Rural,6873.0,6873.0,0.02648043067074058,1
Female,Yes,0,Graduate,No,112.0,360.0,1.0,Rural,4583.0,4583.0,0.02443814095570587,0
Male,Yes,0,Graduate,No,129.0,360.0,1.0,Rural,5772.0,5772.0,0.02234927234927235,1
Male,No,0,Graduate,No,63.0,480.0,0.0,Semiurban,2237.0,2237.0,0.028162717925793473,0
Male,Yes,2,Graduate,No,200.0,360.0,1.0,Semiurban,8000.0,2666.6666666666665,0.025,1
Male,Yes,0,Not Graduate,No,95.0,360.0,1.0,Rural,3589.0,3589.0,0.026469768737809974,1
Male,Yes,3,Graduate,No,700.0,300.0,1.0,Urban,51763.0,12940.75,0.013523172922744044,1
Male,Yes,3,Not Graduate,No,81.0,180.0,1.0,Rural,3522.0,880.5,0.022998296422487224,0
Male,Yes,0,Graduate,No,187.0,360.0,1.0,Semiurban,11333.0,11333.0,0.016500485308391422,1
Male,Yes,0,Not Graduate,Yes,87.0,360.0,1.0,Semiurban,5080.0,5080.0,0.017125984251968505,0
Male,Yes,0,Graduate,No,116.0,360.0,1.0,Rural,5461.0,5461.0,0.021241530855154733,1
Male,Yes,2,Graduate,No,101.0,360.0,1.0,Rural,3664.0,1221.3333333333333,0.027565502183406112,1
Male,Yes,3,Graduate,No,495.0,360.0,0.0,Semiurban,16816.0,4204.0,0.029436251189343482,0
Male,Yes,1,Graduate,No,116.0,360.0,1.0,Semiurban,3750.0,1875.0,0.030933333333333334,1
Male,No,0,Not Graduate,No,102.0,480.0,0.0,Urban,3784.0,3784.0,0.026955602536997886,0
Male,Yes,1,Graduate,No,180.0,360.0,0.0,Urban,13650.0,6825.0,0.013186813186813187,0
Male,No,0,Graduate,No,67.0,360.0,1.0,Rural,6979.0,6979.0,0.00960022925920619,0
Male,Yes,0,Graduate,No,73.0,180.0,1.0,Semiurban,4600.0,4600.0,0.015869565217391305,1
Male,Yes,1,Graduate,No,260.0,360.0,1.0,Semiurban,33846.0,16923.0,0.00768185309933227,0
Female,Yes,0,Graduate,No,108.0,360.0,1.0,Semiurban,3625.0,3625.0,0.029793103448275862,1
Male,Yes,0,Graduate,Yes,120.0,360.0,1.0,Semiurban,43897.0,43897.0,0.0027336720049206094,1
Male,Yes,1,Graduate,Yes,66.0,300.0,0.0,Rural,2178.0,1089.0,0.030303030303030304,0
Male,Yes,0,Graduate,No,58.0,360.0,1.0,Rural,4521.0,4521.0,0.012829020128290201,1
Male,Yes,0,Graduate,Yes,168.0,360.0,1.0,Rural,5970.0,5970.0,0.02814070351758794,1
Male,Yes,0,Graduate,No,188.0,180.0,1.0,Rural,9328.0,9328.0,0.020154373927958835,1
Male,No,0,Not Graduate,No,48.0,360.0,1.0,Rural,4885.0,4885.0,0.009825997952917094,1
Male,No,0,Graduate,No,164.0,360.0,1.0,Semiurban,12000.0,12000.0,0.013666666666666667,0
Male,Yes,0,Not Graduate,No,160.0,360.0,1.0,Urban,6033.0,6033.0,0.026520802254268193,0
Male,No,0,Graduate,No,76.0,360.0,1.0,Semiurban,3858.0,3858.0,0.019699326075686883,1
Male,No,0,Graduate,No,120.0,360.0,1.0,Rural,4191.0,4191.0,0.02863278453829635,1
Male,Yes,1,Graduate,No,170.0,360.0,1.0,Semiurban,5708.0,2854.0,0.029782761037140854,0
Male,No,0,Graduate,No,187.0,360.0,1.0,Rural,12083.0,12083.0,0.015476289001075892,1
Female,No,0,Not Graduate,No,120.0,360.0,1.0,Urban,4272.0,4272.0,0.028089887640449437,1
Female,Yes,0,Graduate,No,113.0,360.0,1.0,Semiurban,6232.0,6232.0,0.01813222079589217,1
Male,No,0,Graduate,Yes,83.0,360.0,1.0,Urban,11000.0,11000.0,0.007545454545454545,0
Male,Yes,1,Not Graduate,No,90.0,360.0,1.0,Semiurban,5100.0,2550.0,0.01764705882352941,1
Male,No,2,Graduate,No,166.0,360.0,0.0,Semiurban,4923.0,1641.0,0.03371927686370099,1
Male,Yes,3,Not Graduate,No,128.0,180.0,1.0,Urban,3992.0,998.0,0.03206412825651302,0
Male,Yes,1,Not Graduate,No,135.0,360.0,1.0,Urban,4583.0,2291.5,0.029456687759109753,1
Male,Yes,2,Not Graduate,No,124.0,360.0,1.0,Semiurban,3917.0,1305.6666666666667,0.03165688026550932,1
Female,No,0,Not Graduate,No,120.0,360.0,1.0,Semiurban,4408.0,4408.0,0.02722323049001815,1
Female,No,0,Graduate,No,80.0,360.0,1.0,Urban,3244.0,3244.0,0.02466091245376079,1
Male,No,0,Not Graduate,No,55.0,360.0,1.0,Rural,6506.0,6506.0,0.008453735013833385,1
Male,No,0,Graduate,No,59.0,360.0,1.0,Urban,2479.0,2479.0,0.02379991932230738,1
Male,No,0,Graduate,No,127.0,360.0,1.0,Semiurban,3418.0,3418.0,0.0371562317144529,0
Female,No,0,Graduate,No,214.0,360.0,1.0,Semiurban,10000.0,10000.0,0.0214,0
Male,Yes,3,Graduate,No,128.0,360.0,0.0,Semiurban,4680.0,1170.0,0.02735042735042735,0
Male,Yes,1,Graduate,Yes,240.0,360.0,1.0,Urban,7787.0,3893.5,0.030820598433286245,1
Male,Yes,3,Not Graduate,Yes,130.0,360.0,1.0,Rural,5703.0,1425.75,0.02279502016482553,1
Male,Yes,0,Graduate,No,137.0,360.0,1.0,Urban,6194.0,6194.0,0.022118178882789795,1
Male,Yes,3,Not Graduate,No,100.0,360.0,1.0,Semiurban,4833.0,1208.25,0.02069108214359611,1
Male,Yes,0,Graduate,No,135.0,360.0,1.0,Rural,1950.0,1950.0,0.06923076923076923,0
Male,Yes,0,Graduate,No,131.0,360.0,1.0,Semiurban,5502.0,5502.0,0.023809523809523808,1
Male,Yes,2,Graduate,No,72.0,360.0,0.0,Semiurban,5000.0,1666.6666666666667,0.0144,0
Female,Yes,2,Graduate,No,127.0,360.0,1.0,Semiurban,6666.0,2222.0,0.019051905190519053,1
Male,Yes,0,Graduate,No,60.0,360.0,0.0,Urban,2221.0,2221.0,0.0270148581719946,0
Male,Yes,2,Graduate,No,116.0,360.0,1.0,Semiurban,5726.0,1908.6666666666667,0.020258470136220747,1
Male,No,0,Graduate,No,144.0,360.0,1.0,Semiurban,5762.0,5762.0,0.024991322457480043,1
Male,Yes,0,Graduate,No,175.0,360.0,1.0,Semiurban,8588.0,8588.0,0.0203772706101537,1
Male,Yes,0,Graduate,No,128.0,360.0,1.0,Semiurban,6250.0,6250.0,0.02048,1
Male,Yes,0,Graduate,No,170.0,360.0,1.0,Rural,3250.0,3250.0,0.052307692307692305,0
Male,Yes,0,Not Graduate,Yes,138.0,360.0,1.0,Urban,4735.0,4735.0,0.02914466737064414,0
Male,Yes,2,Graduate,No,210.0,360.0,1.0,Semiurban,7945.0,2648.3333333333335,0.02643171806167401,1
Male,Yes,0,Graduate,No,158.0,480.0,1.0,Semiurban,4758.0,4758.0,0.0332072299285414,1
Male,No,0,Graduate,Yes,200.0,360.0,1.0,Rural,6400.0,6400.0,0.03125,1
Male,Yes,1,Graduate,No,104.0,360.0,1.0,Semiurban,4545.0,2272.5,0.02288228822882288,1
Male,Yes,0,Graduate,No,42.0,180.0,1.0,Rural,3716.0,3716.0,0.011302475780409042,1
Male,No,0,Not Graduate,No,120.0,360.0,1.0,Rural,5787.0,5787.0,0.020736132711249352,1
Female,No,0,Graduate,No,280.0,360.0,1.0,Semiurban,8333.0,8333.0,0.03360134405376215,1
Male,Yes,1,Graduate,No,140.0,360.0,1.0,Semiurban,4934.0,2467.0,0.02837454398054317,1
Male,Yes,1,Graduate,No,170.0,360.0,1.0,Rural,6760.0,3380.0,0.02514792899408284,1
Male,Yes,0,Graduate,No,255.0,360.0,1.0,Urban,5746.0,5746.0,0.04437869822485207,0
Female,No,0,Graduate,Yes,122.0,360.0,1.0,Urban,3463.0,3463.0,0.03522956973722206,1
Female,No,1,Graduate,No,112.0,360.0,1.0,Rural,3812.0,1906.0,0.02938090241343127,1
Male,Yes,1,Graduate,No,96.0,360.0,1.0,Semiurban,3315.0,1657.5,0.02895927601809955,1
Male,Yes,2,Graduate,No,120.0,360.0,1.0,Rural,10819.0,3606.3333333333335,0.01109159811442832,1
Male,Yes,1,Not Graduate,No,140.0,180.0,1.0,Urban,4493.0,2246.5,0.031159581571333184,0
Male,No,0,Graduate,No,155.0,60.0,1.0,Urban,8666.0,8666.0,0.017885991230094624,1
Male,Yes,2,Graduate,Yes,108.0,360.0,1.0,Rural,7550.0,2516.6666666666665,0.014304635761589404,1
Male,Yes,0,Not Graduate,No,123.0,360.0,1.0,Semiurban,7823.0,7823.0,0.01572286846478333,1
Male,No,0,Graduate,Yes,120.0,180.0,1.0,Urban,10383.0,10383.0,0.011557353366079168,0
Male,Yes,2,Graduate,No,112.0,360.0,1.0,Urban,9703.0,3234.3333333333335,0.011542821807688343,1
Male,Yes,1,Not Graduate,No,137.0,180.0,1.0,Urban,6608.0,3304.0,0.020732445520581115,1
Male,Yes,1,Graduate,No,123.0,480.0,1.0,Semiurban,4725.0,2362.5,0.02603174603174603,1
Male,Yes,0,Graduate,No,90.0,360.0,1.0,Urban,3677.0,3677.0,0.024476475387544192,1
Male,Yes,0,Not Graduate,No,201.0,360.0,0.0,Semiurban,5558.0,5558.0,0.0361640878013674,0
Female,No,2,Graduate,No,138.0,360.0,1.0,Urban,3427.0,1142.3333333333333,0.040268456375838924,0
Male,No,0,Not Graduate,Yes,104.0,360.0,1.0,Rural,4750.0,4750.0,0.021894736842105262,1
Male,Yes,1,Not Graduate,No,279.0,180.0,1.0,Semiurban,9762.0,4881.0,0.02858020897357099,1
Male,No,0,Graduate,Yes,192.0,360.0,0.0,Urban,16250.0,16250.0,0.011815384615384615,0
Female,No,3,Graduate,No,255.0,360.0,1.0,Rural,3083.0,770.75,0.08271164450210834,1
Male,No,0,Not Graduate,No,115.0,360.0,0.0,Rural,6045.0,6045.0,0.01902398676592225,0
Male,Yes,3,Graduate,No,94.0,360.0,1.0,Urban,5250.0,1312.5,0.017904761904761906,0
Male,Yes,0,Graduate,No,304.0,360.0,1.0,Rural,16783.0,16783.0,0.018113567300244295,0
Male,Yes,3,Not Graduate,No,128.0,360.0,1.0,Semiurban,4931.0,1232.75,0.02595822348408031,0
Male,Yes,1,Graduate,No,330.0,360.0,1.0,Urban,10333.0,5166.5,0.03193651408109939,1
Male,No,0,Graduate,No,134.0,360.0,1.0,Semiurban,4269.0,4269.0,0.03138908409463575,1
Female,No,1,Graduate,No,155.0,36.0,1.0,Semiurban,3481.0,1740.5,0.04452743464521689,0
Female,No,0,Graduate,No,120.0,360.0,1.0,Rural,7200.0,7200.0,0.016666666666666666,1
Male,No,0,Graduate,Yes,128.0,360.0,1.0,Semiurban,5166.0,5166.0,0.024777390631049168,1
Male,No,0,Graduate,No,151.0,360.0,1.0,Rural,7542.0,7542.0,0.02002121453195439,1
Male,Yes,2,Graduate,No,150.0,360.0,1.0,Semiurban,6095.0,2031.6666666666667,0.02461033634126333,1
Male,Yes,3,Graduate,No,160.0,360.0,0.0,Urban,6144.0,1536.0,0.026041666666666668,1
Female,No,0,Graduate,No,135.0,360.0,1.0,Rural,3418.0,3418.0,0.03949678174370977,0
Female,No,1,Graduate,No,90.0,360.0,1.0,Urban,4436.0,2218.0,0.02028854824165915,1
Female,No,0,Graduate,No,30.0,360.0,1.0,Urban,3237.0,3237.0,0.009267840593141797,1
Male,Yes,0,Graduate,No,136.0,360.0,1.0,Urban,11146.0,11146.0,0.012201686703750225,1
Male,No,0,Graduate,No,126.0,360.0,1.0,Rural,4690.0,4690.0,0.026865671641791045,1
Male,Yes,0,Graduate,No,150.0,360.0,1.0,Semiurban,4843.0,4843.0,0.03097253768325418,1
Male,Yes,2,Graduate,No,90.0,360.0,1.0,Semiurban,3900.0,1300.0,0.023076923076923078,1
Male,Yes,1,Graduate,No,115.0,360.0,1.0,Semiurban,4592.0,2296.0,0.02504355400696864,1
Male,Yes,0,Graduate,No,207.0,360.0,1.0,Semiurban,7267.0,7267.0,0.02848493188385854,1
Male,Yes,0,Graduate,No,80.0,360.0,1.0,Urban,4403.0,4403.0,0.018169429934135818,1
Male,Yes,0,Graduate,No,436.0,360.0,1.0,Semiurban,14583.0,14583.0,0.02989782623602825,1
Female,Yes,0,Not Graduate,No,124.0,360.0,1.0,Rural,4100.0,4100.0,0.03024390243902439,1
Male,No,1,Not Graduate,Yes,158.0,360.0,0.0,Urban,6479.0,3239.5,0.02438647939496836,0
Male,Yes,0,Graduate,No,112.0,360.0,1.0,Semiurban,4727.0,4727.0,0.0236936746350751,1
Male,Yes,2,Graduate,No,78.0,180.0,1.0,Urban,3286.7999878,1095.5999959333333,0.023731288879615956,1
Female,No,0,Graduate,No,54.0,360.0,1.0,Urban,3477.0,3477.0,0.015530629853321829,1
Male,Yes,0,Graduate,No,128.0,360.0,1.0,Rural,20667.0,20667.0,0.006193448492766246,0
Male,No,0,Graduate,No,89.0,360.0,1.0,Rural,6211.0,6211.0,0.014329415553051039,1
Female,No,0,Graduate,Yes,99.0,300.0,1.0,Semiurban,4317.0,4317.0,0.022932592077831826,0
Male,Yes,0,Graduate,No,120.0,360.0,1.0,Rural,5704.0,5704.0,0.021037868162692847,1
Female,No,0,Graduate,No,115.0,360.0,1.0,Semiurban,4124.0,4124.0,0.027885548011639186,1
Male,No,0,Graduate,No,187.0,360.0,1.0,Rural,9508.0,9508.0,0.019667648296171646,1
Male,Yes,0,Graduate,No,139.0,360.0,1.0,Rural,5491.0,5491.0,0.025314150427973046,1
Male,Yes,2,Graduate,No,127.0,360.0,0.0,Semiurban,4400.0,1466.6666666666667,0.028863636363636362,0
Male,Yes,2,Graduate,No,134.0,360.0,1.0,Urban,4713.0,1571.0,0.028431996605134735,1
Female,No,0,Graduate,No,143.0,480.0,0.0,Urban,5417.0,5417.0,0.026398375484585564,0
Male,Yes,0,Graduate,No,172.0,360.0,1.0,Semiurban,5717.0,5717.0,0.03008570928808816,1
Male,Yes,3,Graduate,No,110.0,360.0,1.0,Urban,5666.0,1416.5,0.01941404871161313,1
Male,Yes,1,Graduate,No,200.0,360.0,1.0,Semiurban,6875.0,3437.5,0.02909090909090909,1
Female,Yes,1,Graduate,No,135.0,360.0,1.0,Urban,4666.0,2333.0,0.028932704672096014,1
Female,No,0,Graduate,No,151.0,480.0,1.0,Rural,7541.0,7541.0,0.020023869513327144,0
Male,Yes,1,Graduate,No,113.0,360.0,1.0,Urban,4939.0,2469.5,0.02287912532901397,0
Male,Yes,0,Not Graduate,No,93.0,360.0,0.0,Urban,4734.0,4734.0,0.01964512040557668,0
Male,Yes,0,Not Graduate,No,105.0,360.0,1.0,Semiurban,4625.0,4625.0,0.022702702702702703,1
Female,No,0,Graduate,No,132.0,360.0,1.0,Rural,5000.0,5000.0,0.0264,1
Male,Yes,1,Graduate,No,96.0,360.0,1.0,Urban,3428.0,1714.0,0.028004667444574097,1
Male,No,0,Graduate,No,140.0,360.0,1.0,Rural,6500.0,6500.0,0.021538461538461538,1
Male,No,0,Not Graduate,No,128.0,360.0,1.0,Urban,2000.0,2000.0,0.064,0
Female,No,0,Graduate,No,135.0,360.0,1.0,Rural,5428.0,5428.0,0.024871039056742816,1
Female,No,0,Graduate,No,104.0,360.0,0.0,Urban,4263.0,4263.0,0.02439596528266479,0
Male,No,0,Graduate,No,480.0,360.0,1.0,Rural,20233.0,20233.0,0.02372361982899224,0
Male,Yes,2,Not Graduate,No,185.0,360.0,1.0,Rural,7667.0,2555.6666666666665,0.024129385678883526,1
Female,No,0,Graduate,No,84.0,360.0,1.0,Semiurban,2917.0,2917.0,0.028796708947548853,1
Male,No,0,Not Graduate,No,111.0,360.0,1.0,Semiurban,5332.0,5332.0,0.020817704426106528,1
Female,No,0,Graduate,No,56.0,360.0,1.0,Rural,2507.0,2507.0,0.022337455125648185,1
Male,Yes,2,Graduate,Yes,144.0,84.0,1.0,Rural,5746.0,1915.3333333333333,0.025060911938739994,1
Male,Yes,0,Graduate,No,159.0,360.0,1.0,Rural,4316.0,4316.0,0.036839666357738644,0
Male,Yes,1,Not Graduate,No,111.0,180.0,1.0,Urban,5039.0,2519.5,0.022028180194483032,1
Male,Yes,2,Graduate,No,120.0,360.0,1.0,Semiurban,3717.0,1239.0,0.03228410008071025,1
Male,Yes,0,Graduate,No,88.0,360.0,1.0,Urban,4192.0,4192.0,0.02099236641221374,1
Female,No,1,Graduate,No,112.0,360.0,1.0,Semiurban,3541.0,1770.5,0.031629483196837054,1
Male,Yes,1,Graduate,Yes,155.0,360.0,1.0,Rural,10000.0,5000.0,0.0155,0
Male,Yes,0,Graduate,No,115.0,360.0,1.0,Semiurban,4567.0,4567.0,0.025180643748631486,1
Male,Yes,3,Graduate,No,124.0,360.0,1.0,Semiurban,4531.0,1132.75,0.027367027146325315,1
Male,Yes,2,Not Graduate,No,128.0,360.0,1.0,Rural,5191.0,1730.3333333333333,0.024658062030437296,1
Female,No,0,Graduate,No,132.0,360.0,1.0,Rural,6151.0,6151.0,0.021459925215412127,1
Male,Yes,3,Graduate,No,300.0,360.0,1.0,Rural,15000.0,3750.0,0.02,1
Male,Yes,1,Graduate,Yes,376.0,360.0,0.0,Rural,13649.0,6824.5,0.027547805700051286,0
Male,No,0,Graduate,No,130.0,360.0,0.0,Rural,4917.0,4917.0,0.026438885499288182,1
Male,Yes,0,Graduate,Yes,184.0,360.0,1.0,Semiurban,7978.0,7978.0,0.023063424417147156,1
Female,Yes,0,Graduate,No,110.0,360.0,1.0,Urban,6784.0,6784.0,0.016214622641509434,0
Female,No,0,Graduate,No,67.0,360.0,1.0,Urban,2500.0,2500.0,0.0268,1
Male,No,1,Graduate,No,117.0,360.0,1.0,Urban,6177.0,3088.5,0.01894123360854784,1
Male,No,0,Graduate,No,98.0,360.0,1.0,Semiurban,2935.0,2935.0,0.03339011925042589,1
Male,No,0,Graduate,No,71.0,360.0,1.0,Urban,2833.0,2833.0,0.025061771973173313,1
Male,Yes,0,Graduate,No,490.0,180.0,1.0,Urban,63337.0,63337.0,0.007736394208756335,1
Male,Yes,1,Graduate,Yes,182.0,180.0,1.0,Urban,11666.0,5833.0,0.015600891479513115,1
Male,Yes,0,Graduate,Yes,70.0,360.0,1.0,Semiurban,9993.0,9993.0,0.007004903432402682,1
Male,Yes,1,Graduate,No,160.0,360.0,1.0,Rural,5938.0,2969.0,0.02694509936005389,1
Male,Yes,2,Graduate,Yes,176.0,360.0,1.0,Rural,7100.0,2366.6666666666665,0.024788732394366197,1
Female,No,3,Not Graduate,No,128.0,360.0,0.0,Urban,1830.0,457.5,0.06994535519125683,0
Female,No,0,Graduate,No,71.0,360.0,1.0,Semiurban,4160.0,4160.0,0.01706730769230769,1
Male,Yes,3,Not Graduate,No,173.0,360.0,1.0,Rural,4234.0,1058.5,0.040859707132735006,0
Female,No,0,Graduate,No,46.0,360.0,1.0,Rural,2378.0,2378.0,0.01934398654331371,0
Male,Yes,1,Not Graduate,No,158.0,360.0,1.0,Urban,5783.0,2891.5,0.027321459450112398,1
Male,Yes,3,Not Graduate,No,74.0,360.0,1.0,Semiurban,3173.0,793.25,0.023321777497636306,1
Male,Yes,2,Graduate,No,125.0,360.0,1.0,Rural,4913.0,1637.6666666666667,0.0254427030327702,1
Male,Yes,0,Graduate,No,160.0,360.0,1.0,Semiurban,4957.0,4957.0,0.03227758725035303,1
Male,Yes,0,Not Graduate,No,152.0,360.0,0.0,Rural,6753.0,6753.0,0.02250851473419221,0
Male,Yes,2,Not Graduate,No,126.0,360.0,1.0,Urban,5251.0,1750.3333333333333,0.023995429442011044,1
Male,Yes,0,Graduate,No,259.0,360.0,1.0,Semiurban,10916.0,10916.0,0.02372663979479663,1
Male,Yes,0,Graduate,No,187.0,360.0,1.0,Rural,8875.0,8875.0,0.021070422535211266,1
Male,Yes,0,Graduate,No,228.0,360.0,1.0,Semiurban,9083.0,9083.0,0.025101838599581636,1
Male,No,0,Graduate,No,308.0,360.0,1.0,Rural,12917.0,12917.0,0.023844545947201364,0
Male,Yes,3,Graduate,No,95.0,360.0,1.0,Rural,4749.0,1187.25,0.02000421141292904,1
Female,Yes,0,Graduate,Yes,105.0,360.0,0.0,Rural,5500.0,5500.0,0.019090909090909092,0
Female,Yes,0,Graduate,No,130.0,360.0,1.0,Semiurban,2928.0,2928.0,0.04439890710382514,1
Female,No,0,Graduate,No,116.0,180.0,1.0,Urban,3813.0,3813.0,0.03042223970626803,1
Male,Yes,2,Graduate,No,165.0,360.0,1.0,Rural,11500.0,3833.3333333333335,0.014347826086956521,1
Male,Yes,1,Graduate,No,67.0,360.0,1.0,Urban,3875.0,1937.5,0.01729032258064516,0
Male,Yes,0,Not Graduate,No,100.0,480.0,0.0,Urban,4666.0,4666.0,0.021431633090441493,0
Male,Yes,3,Graduate,No,200.0,360.0,1.0,Semiurban,8334.0,2083.5,0.023998080153587713,1
Female,No,1,Graduate,No,81.0,360.0,1.0,Semiurban,4723.0,2361.5,0.017150116451408005,0
Male,Yes,2,Graduate,No,236.0,360.0,1.0,Semiurban,8667.0,2889.0,0.027229721933771777,1
Male,Yes,0,Graduate,No,130.0,360.0,1.0,Urban,7083.0,7083.0,0.01835380488493576,1
Male,Yes,0,Graduate,No,95.0,300.0,1.0,Urban,6046.0,6046.0,0.0157128680119087,1
Male,No,0,Graduate,Yes,141.0,360.0,1.0,Rural,6822.0,6822.0,0.020668425681618294,1
Male,No,0,Not Graduate,No,133.0,360.0,1.0,Rural,6216.0,6216.0,0.021396396396396396,0
Male,No,0,Graduate,No,96.0,480.0,1.0,Semiurban,2500.0,2500.0,0.0384,0
Male,No,0,Graduate,No,124.0,360.0,0.0,Rural,5124.0,5124.0,0.02419984387197502,0
Male,Yes,1,Graduate,No,175.0,360.0,1.0,Semiurban,6325.0,3162.5,0.02766798418972332,1
Male,Yes,0,Graduate,No,570.0,360.0,1.0,Rural,24996.0,24996.0,0.022803648583773404,0
Female,No,0,Graduate,Yes,55.0,360.0,1.0,Semiurban,15759.0,15759.0,0.0034900691668253063,1
Male,Yes,2,Graduate,No,155.0,360.0,1.0,Semiurban,5185.0,1728.3333333333333,0.029893924783027964,1
Male,Yes,2,Graduate,Yes,380.0,300.0,1.0,Rural,17196.0,5732.0,0.02209816236334031,1
Male,No,1,Graduate,No,111.0,180.0,0.0,Urban,5049.0,2524.5,0.021984551396316103,0
Female,No,0,Graduate,No,110.0,360.0,1.0,Urban,4223.0,4223.0,0.02604783329386692,1
Male,Yes,0,Graduate,No,120.0,180.0,1.0,Urban,5740.0,5740.0,0.020905923344947737,1
Male,Yes,3,Graduate,No,130.0,360.0,1.0,Rural,13746.0,3436.5,0.009457296668121635,1
Male,Yes,0,Graduate,No,130.0,360.0,1.0,Semiurban,4310.0,4310.0,0.030162412993039442,1
Male,No,0,Graduate,No,71.0,480.0,1.0,Urban,3069.0,3069.0,0.023134571521668295,0
Male,Yes,2,Graduate,No,130.0,360.0,1.0,Urban,5391.0,1797.0,0.024114264514932295,1
Male,Yes,0,Graduate,No,128.0,360.0,1.0,Semiurban,5833.0,5833.0,0.021944111092062405,1
Male,No,0,Graduate,No,296.0,360.0,1.0,Semiurban,10173.0,10173.0,0.029096628329892852,1
Female,No,0,Graduate,No,156.0,360.0,1.0,Urban,6000.0,6000.0,0.026,1
Male,No,0,Graduate,Yes,128.0,360.0,1.0,Urban,7167.0,7167.0,0.017859634435607646,1
Male,Yes,2,Graduate,No,100.0,360.0,1.0,Urban,4566.0,1522.0,0.021901007446342532,0
Male,No,1,Graduate,No,113.0,180.0,1.0,Urban,3667.0,1833.5,0.030815380419961822,1
Male,No,0,Not Graduate,No,132.0,360.0,1.0,Semiurban,3946.0,3946.0,0.03345159655347187,1
Male,Yes,0,Not Graduate,No,128.0,360.0,0.0,Urban,6146.0,6146.0,0.02082655385616661,0
Male,Yes,0,Graduate,No,136.0,360.0,1.0,Urban,4750.0,4750.0,0.02863157894736842,1
Male,Yes,0,Graduate,No,125.0,360.0,1.0,Rural,5488.0,5488.0,0.022776967930029153,1
Male,No,3,Graduate,No,185.0,360.0,1.0,Rural,9167.0,2291.75,0.020181084324206393,1
Male,Yes,3,Graduate,No,275.0,360.0,1.0,Rural,9504.0,2376.0,0.028935185185185185,1
Male,Yes,0,Graduate,No,120.0,360.0,1.0,Urban,4698.0,4698.0,0.02554278416347382,1
Male,Yes,2,Not Graduate,No,113.0,180.0,1.0,Semiurban,3618.0,1206.0,0.03123272526257601,1
Male,Yes,2,Graduate,No,113.0,360.0,1.0,Urban,4500.0,1500.0,0.025111111111111112,1
Male,Yes,2,Graduate,No,135.0,360.0,1.0,Semiurban,3760.0,1253.3333333333333,0.03590425531914894,1
Female,No,0,Graduate,No,71.0,360.0,0.0,Urban,3180.0,3180.0,0.02232704402515723,0
Male,Yes,0,Graduate,No,95.0,360.0,1.0,Urban,4492.0,4492.0,0.021148708815672306,1
Male,No,0,Not Graduate,No,109.0,360.0,1.0,Rural,5568.0,5568.0,0.019576149425287355,1
Female,No,0,Graduate,No,103.0,360.0,0.0,Semiurban,3300.0,3300.0,0.031212121212121212,0
Male,Yes,2,Not Graduate,No,45.0,180.0,0.0,Urban,2889.0,963.0,0.01557632398753894,0
Male,No,0,Not Graduate,No,65.0,300.0,1.0,Rural,2755.0,2755.0,0.023593466424682397,0
Male,No,0,Graduate,No,103.0,360.0,1.0,Semiurban,22500.0,22500.0,0.004577777777777778,1
Female,No,0,Not Graduate,No,53.0,360.0,1.0,Semiurban,1963.0,1963.0,0.026999490575649515,1
Female,No,0,Graduate,Yes,194.0,360.0,1.0,Rural,7441.0,7441.0,0.026071764547775836,0
Female,No,0,Graduate,No,115.0,360.0,1.0,Semiurban,4547.0,4547.0,0.025291400923685946,1
Male,Yes,0,Not Graduate,No,115.0,360.0,1.0,Urban,4567.0,4567.0,0.025180643748631486,1
Female,No,0,Not Graduate,No,66.0,360.0,1.0,Rural,2213.0,2213.0,0.0298237686398554,1
Male,Yes,1,Graduate,No,152.0,300.0,0.0,Semiurban,8300.0,4150.0,0.018313253012048194,0
Male,Yes,3,Graduate,No,360.0,360.0,0.0,Rural,81000.0,20250.0,0.0044444444444444444,0
Female,No,1,Not Graduate,Yes,62.0,360.0,1.0,Semiurban,3867.0,1933.5,0.016033100594776313,0
Male,Yes,0,Graduate,No,160.0,360.0,1.0,Urban,6256.0,6256.0,0.02557544757033248,1
Male,Yes,0,Not Graduate,No,218.0,360.0,0.0,Rural,6096.0,6096.0,0.035761154855643046,0
Male,Yes,0,Not Graduate,No,110.0,360.0,1.0,Rural,4286.0,4286.0,0.025664955669622024,1
Female,Yes,0,Not Graduate,No,178.0,360.0,0.0,Semiurban,5386.0,5386.0,0.03304864463423691,0
Female,No,0,Graduate,No,60.0,360.0,1.0,Urban,2995.0,2995.0,0.02003338898163606,1
Female,No,1,Graduate,No,160.0,360.0,1.0,Urban,2600.0,1300.0,0.06153846153846154,0
Male,Yes,2,Graduate,Yes,239.0,360.0,1.0,Urban,21600.0,7200.0,0.011064814814814816,0
Male,Yes,0,Graduate,No,112.0,360.0,1.0,Rural,3798.0,3798.0,0.02948920484465508,1
Male,Yes,0,Graduate,No,138.0,360.0,1.0,Semiurban,4663.0,4663.0,0.029594681535492173,1
Male,Yes,0,Graduate,No,138.0,360.0,1.0,Rural,5829.0,5829.0,0.023674729799279464,1
Female,No,0,Not Graduate,No,80.0,360.0,0.0,Urban,2720.0,2720.0,0.029411764705882353,0
Male,Yes,0,Graduate,No,100.0,360.0,1.0,Urban,3539.0,3539.0,0.028256569652444195,1
Male,Yes,1,Graduate,No,110.0,360.0,0.0,Urban,8917.0,4458.5,0.01233598743972188,0
Male,Yes,0,Graduate,No,96.0,360.0,1.0,Semiurban,14880.0,14880.0,0.0064516129032258064,1
Male,Yes,0,Graduate,No,121.0,360.0,1.0,Rural,6966.0,6966.0,0.01737008326155613,1
Female,No,1,Not Graduate,No,81.0,360.0,1.0,Rural,4606.0,2303.0,0.017585757707338254,0
Male,Yes,2,Graduate,No,133.0,360.0,1.0,Semiurban,5935.0,1978.3333333333333,0.02240943555181129,1
Male,Yes,0,Graduate,No,87.0,360.0,1.0,Rural,2936.12000084,2936.12000084,0.029630941506174818,1
Male,No,0,Not Graduate,No,60.0,180.0,1.0,Urban,2717.0,2717.0,0.02208317997791682,1
Female,No,1,Graduate,Yes,150.0,360.0,1.0,Semiurban,8624.0,4312.0,0.017393320964749538,1
Male,No,0,Graduate,No,105.0,360.0,0.0,Rural,6500.0,6500.0,0.016153846153846154,0
Male,No,0,Graduate,No,405.0,360.0,1.0,Semiurban,12876.0,12876.0,0.03145386766076421,1
Male,Yes,0,Graduate,No,143.0,360.0,1.0,Semiurban,4765.0,4765.0,0.030010493179433367,1
Male,No,0,Graduate,No,100.0,360.0,1.0,Urban,3750.0,3750.0,0.02666666666666667,1
Female,Yes,0,Graduate,No,128.0,240.0,1.0,Semiurban,10047.0,10047.0,0.012740121429282374,1
Male,No,0,Graduate,No,50.0,360.0,1.0,Semiurban,3777.0,3777.0,0.013238019592268996,1
Male,Yes,0,Graduate,No,128.0,360.0,1.0,Urban,3338.0,3338.0,0.03834631515877771,1
Male,No,0,Graduate,Yes,187.0,360.0,0.0,Urban,10416.0,10416.0,0.0179531490015361,0
Female,Yes,0,Not Graduate,Yes,138.0,360.0,1.0,Rural,7142.0,7142.0,0.019322318678241388,1
Male,No,0,Graduate,No,187.0,360.0,1.0,Semiurban,8724.0,8724.0,0.021435121503897293,1
Male,Yes,0,Graduate,No,180.0,360.0,1.0,Rural,9734.0,9734.0,0.018491884117526197,1
Male,No,3,Not Graduate,No,148.0,360.0,1.0,Semiurban,6700.0,1675.0,0.02208955223880597,1
Male,No,1,Graduate,No,152.0,360.0,1.0,Semiurban,37719.0,18859.5,0.004029799305389856,1
Male,Yes,0,Graduate,No,175.0,300.0,1.0,Rural,15666.0,15666.0,0.011170688114387846,1
Male,Yes,1,Graduate,Yes,130.0,360.0,1.0,Rural,4676.0,2338.0,0.027801539777587682,1
Male,Yes,2,Not Graduate,No,110.0,360.0,1.0,Rural,4652.0,1550.6666666666667,0.023645743766122097,1
Male,Yes,0,Graduate,No,55.0,360.0,1.0,Rural,4915.0,4915.0,0.011190233977619531,0
Male,Yes,2,Graduate,No,150.0,360.0,0.0,Rural,5050.0,1683.3333333333333,0.0297029702970297,0
Male,No,1,Not Graduate,Yes,190.0,360.0,1.0,Semiurban,4311.0,2155.5,0.04407330085826954,0
Male,Yes,2,Not Graduate,No,125.0,360.0,0.0,Rural,3564.0,1188.0,0.035072951739618406,0
Male,Yes,2,Not Graduate,No,60.0,300.0,1.0,Urban,3414.0,1138.0,0.01757469244288225,1
Male,Yes,0,Graduate,No,149.0,360.0,0.0,Rural,5681.0,5681.0,0.02622777679985918,0
Male,Yes,0,Graduate,No,90.0,180.0,0.0,Rural,4949.0,4949.0,0.018185492018589614,1
Male,No,0,Graduate,Yes,84.0,360.0,1.0,Semiurban,7085.0,7085.0,0.011856033874382499,1
Male,Yes,2,Graduate,No,96.0,360.0,1.0,Semiurban,3859.0,1286.3333333333333,0.024876911116869654,1
Male,Yes,0,Graduate,No,118.0,360.0,1.0,Urban,4301.0,4301.0,0.027435480120902116,1
Male,Yes,0,Graduate,No,173.0,360.0,1.0,Urban,6277.0,6277.0,0.027560936753226063,0
Male,No,2,Graduate,No,136.0,360.0,1.0,Rural,4354.0,1451.3333333333333,0.03123564538355535,1
Male,Yes,0,Graduate,No,160.0,360.0,1.0,Semiurban,8334.0,8334.0,0.01919846412287017,0
Male,Yes,0,Graduate,Yes,160.0,360.0,1.0,Semiurban,6166.0,6166.0,0.025948751216347713,1
Male,Yes,3,Graduate,No,128.0,180.0,1.0,Urban,7740.0,1935.0,0.016537467700258397,1
Male,Yes,0,Graduate,No,153.0,360.0,1.0,Rural,5203.0,5203.0,0.02940611185854315,1
Female,No,1,Not Graduate,No,132.0,360.0,1.0,Semiurban,5191.0,2595.5,0.025428626468888462,1
Male,No,0,Graduate,No,98.0,360.0,0.0,Semiurban,4166.0,4166.0,0.023523763802208355,0
Male,No,0,Graduate,No,140.0,360.0,1.0,Rural,6000.0,6000.0,0.023333333333333334,1
Male,Yes,3,Not Graduate,No,70.0,180.0,0.0,Urban,4611.0,1152.75,0.015181088700932552,0
Male,Yes,0,Graduate,No,110.0,360.0,1.0,Semiurban,16692.0,16692.0,0.006589983225497244,1
Female,Yes,2,Not Graduate,No,98.0,360.0,1.0,Semiurban,3127.0,1042.3333333333333,0.03133994243684042,1
Male,Yes,0,Graduate,No,110.0,360.0,1.0,Urban,6784.0,6784.0,0.016214622641509434,0
Male,Yes,1,Graduate,Yes,162.0,360.0,1.0,Semiurban,5529.0,2764.5,0.02930005425935974,1
Male,Yes,1,Not Graduate,No,113.0,180.0,0.0,Rural,4153.0,2076.5,0.027209246327955693,0
Male,Yes,3,Graduate,No,100.0,360.0,1.0,Semiurban,4691.0,1172.75,0.021317416329140908,1
Female,No,0,Graduate,Yes,93.0,360.0,1.0,Urban,2500.0,2500.0,0.0372,1
Male,No,2,Graduate,No,162.0,360.0,1.0,Rural,10180.0,3393.3333333333335,0.015913555992141455,1
Male,Yes,2,Graduate,Yes,150.0,360.0,1.0,Rural,17539.0,5846.333333333333,0.008552369006214722,1
Male,Yes,2,Graduate,No,230.0,300.0,1.0,Semiurban,8450.0,2816.6666666666665,0.027218934911242602,1
Male,Yes,2,Graduate,No,132.0,360.0,0.0,Semiurban,4745.0,1581.6666666666667,0.027818756585879872,0
Male,Yes,1,Graduate,Yes,86.0,360.0,1.0,Semiurban,18917.0,9458.5,0.004546175397790347,1
Male,Yes,2,Graduate,No,128.0,360.0,1.0,Urban,4550.0,1516.6666666666667,0.028131868131868132,0
Female,No,0,Not Graduate,No,154.0,360.0,1.0,Rural,4350.0,4350.0,0.035402298850574714,1
Male,Yes,3,Not Graduate,No,113.0,360.0,1.0,Rural,3095.0,773.75,0.03651050080775444,1
Male,Yes,0,Graduate,No,128.0,360.0,1.0,Semiurban,5233.0,5233.0,0.024460156697878845,1
Male,Yes,0,Graduate,No,234.0,360.0,1.0,Semiurban,10833.0,10833.0,0.02160066463583495,1
Male,Yes,2,Graduate,No,246.0,360.0,1.0,Semiurban,8333.0,2777.6666666666665,0.029521180847233888,1
Male,Yes,1,Not Graduate,No,131.0,360.0,1.0,Rural,4394.0,2197.0,0.029813381884387802,1
Male,No,2,Graduate,No,80.0,360.0,0.0,Rural,3547.0,1182.3333333333333,0.02255427121511136,0
Male,Yes,1,Graduate,No,500.0,360.0,1.0,Urban,18333.0,9166.5,0.02727322314951181,0
Male,Yes,2,Graduate,Yes,160.0,360.0,1.0,Semiurban,6666.0,2222.0,0.024002400240024,1
Male,No,0,Graduate,No,75.0,360.0,1.0,Urban,2435.0,2435.0,0.030800821355236138,0
Male,No,0,Not Graduate,No,96.0,360.0,1.0,Semiurban,5484.0,5484.0,0.0175054704595186,1
Male,Yes,1,Not Graduate,No,186.0,360.0,1.0,Urban,6464.0,3232.0,0.028774752475247526,1
Male,No,0,Not Graduate,No,110.0,360.0,1.0,Rural,3691.0,3691.0,0.029802221620157138,1
Female,No,0,Not Graduate,Yes,225.0,360.0,1.0,Semiurban,17263.0,17263.0,0.013033655795632277,1
Male,Yes,0,Graduate,No,119.0,360.0,0.0,Rural,5754.0,5754.0,0.02068126520681265,0
Female,Yes,1,Graduate,No,105.0,84.0,1.0,Semiurban,4239.0,2119.5,0.024769992922859165,1
Male,Yes,0,Not Graduate,No,107.0,360.0,1.0,Rural,4300.0,4300.0,0.02488372093023256,1
Male,Yes,0,Graduate,No,111.0,12.0,1.0,Urban,7482.0,7482.0,0.01483560545308741,1
Male,Yes,1,Graduate,Yes,95.0,360.0,1.0,Semiurban,2895.0,1447.5,0.03281519861830743,1
Male,No,0,Graduate,No,209.0,360.0,0.0,Rural,10699.0,10699.0,0.019534535937938125,0
Female,No,0,Graduate,No,113.0,480.0,1.0,Rural,4328.0,4328.0,0.0261090573012939,1
Female,No,0,Graduate,No,100.0,360.0,1.0,Semiurban,3159.0,3159.0,0.03165558721114277,1
Male,Yes,2,Graduate,No,208.0,360.0,1.0,Semiurban,10489.0,3496.3333333333335,0.01983029840785585,1
Male,Yes,1,Not Graduate,No,138.0,360.0,1.0,Rural,9352.0,4676.0,0.014756201881950384,0
Male,Yes,0,Not Graduate,No,124.0,300.0,1.0,Semiurban,5297.0,5297.0,0.0234094770624882,1
Male,Yes,2,Graduate,No,243.0,360.0,1.0,Rural,7926.0,2642.0,0.030658591975775928,1
Male,Yes,0,Graduate,No,480.0,360.0,1.0,Urban,27500.0,27500.0,0.017454545454545455,1
Male,No,0,Graduate,No,96.0,360.0,1.0,Urban,3583.0,3583.0,0.026793190064192018,0
Male,Yes,0,Graduate,Yes,188.0,360.0,1.0,Urban,5492.0,5492.0,0.03423160961398398,1
Female,No,1,Graduate,No,40.0,360.0,1.0,Urban,13262.0,6631.0,0.003016136329362087,1
Male,No,0,Not Graduate,No,100.0,360.0,1.0,Rural,4885.0,4885.0,0.02047082906857728,0
Male,Yes,1,Graduate,No,250.0,360.0,1.0,Semiurban,8069.0,4034.5,0.030982773577890692,1
Male,Yes,2,Graduate,No,148.0,360.0,1.0,Urban,5318.0,1772.6666666666667,0.027830011282437006,1
Male,Yes,0,Graduate,No,70.0,180.0,1.0,Semiurban,8796.0,8796.0,0.007958162801273306,0
Male,No,0,Graduate,No,311.0,360.0,1.0,Rural,9481.0,9481.0,0.03280244699926168,0
Male,Yes,3,Graduate,No,150.0,360.0,1.0,Rural,6894.0,1723.5,0.02175805047867711,1
Female,Yes,2,Graduate,No,113.0,480.0,1.0,Semiurban,3663.0,1221.0,0.03084903084903085,1
Male,Yes,0,Not Graduate,No,123.0,360.0,0.0,Semiurban,4874.0,4874.0,0.025235945835043086,0
Male,No,0,Graduate,No,185.0,360.0,1.0,Semiurban,6598.0,6598.0,0.02803879963625341,0
Female,No,0,Not Graduate,No,95.0,360.0,1.0,Rural,3400.0,3400.0,0.027941176470588237,0
Male,Yes,2,Not Graduate,No,45.0,360.0,1.0,Semiurban,3934.0,1311.3333333333333,0.011438739196746314,1
Male,No,0,Graduate,No,55.0,360.0,1.0,Semiurban,2500.0,2500.0,0.022,1
Male,Yes,3,Graduate,Yes,100.0,360.0,1.0,Rural,7101.0,1775.25,0.01408252358822701,1
Male,Yes,2,Graduate,Yes,480.0,360.0,1.0,Rural,15114.0,5038.0,0.031758634378721715,1
Male,No,0,Graduate,No,128.0,360.0,1.0,Semiurban,6767.0,6767.0,0.01891532436825772,0
Male,Yes,2,Graduate,Yes,400.0,360.0,1.0,Rural,17500.0,5833.333333333333,0.022857142857142857,1
Male,Yes,0,Graduate,No,110.0,360.0,1.0,Semiurban,3775.0,3775.0,0.02913907284768212,1
Male,Yes,1,Not Graduate,No,161.0,360.0,0.0,Semiurban,6715.0,3357.5,0.023976172747580043,1
Male,No,1,Not Graduate,No,94.0,360.0,1.0,Semiurban,3981.0,1990.5,0.02361215774930922,1
Male,No,0,Not Graduate,No,130.0,360.0,1.0,Semiurban,6783.0,6783.0,0.019165560961226596,1
Male,Yes,0,Graduate,No,216.0,360.0,1.0,Rural,6525.0,6525.0,0.03310344827586207,1
Male,Yes,3,Graduate,No,100.0,360.0,1.0,Urban,4281.0,1070.25,0.023359028264424198,1
Male,No,2,Graduate,No,110.0,360.0,0.0,Rural,3588.0,1196.0,0.030657748049052396,0
Male,No,1,Graduate,No,196.0,360.0,1.0,Semiurban,11250.0,5625.0,0.01742222222222222,0
Female,No,0,Not Graduate,Yes,125.0,360.0,1.0,Urban,18165.0,18165.0,0.006881365262868153,1
Male,No,0,Not Graduate,No,126.0,360.0,1.0,Rural,4592.0,4592.0,0.027439024390243903,1
Male,Yes,0,Graduate,No,324.0,360.0,1.0,Urban,10039.0,10039.0,0.03227413088953083,1
Male,No,2,Graduate,No,107.0,360.0,1.0,Semiurban,3617.0,1205.6666666666667,0.029582526956040918,1
Male,Yes,0,Not Graduate,No,66.0,360.0,1.0,Rural,3453.0,3453.0,0.019113814074717638,0
Male,Yes,3,Graduate,No,157.0,180.0,1.0,Rural,6417.0,1604.25,0.02446626149290946,1
Female,Yes,1,Graduate,No,140.0,180.0,1.0,Semiurban,7453.0,3726.5,0.018784382128002146,1
Female,No,0,Graduate,No,99.0,360.0,0.0,Semiurban,2138.0,2138.0,0.04630495790458372,0
Female,No,1,Graduate,No,95.0,360.0,1.0,Semiurban,3652.0,1826.0,0.026013143483023003,1
Male,Yes,1,Not Graduate,No,128.0,360.0,1.0,Urban,4763.0,2381.5,0.026873819021625025,1
Female,Yes,0,Not Graduate,No,102.0,360.0,1.0,Semiurban,3680.0,3680.0,0.027717391304347826,1
Male,Yes,0,Graduate,No,155.0,360.0,1.0,Rural,4718.0,4718.0,0.03285290377278508,1
Male,No,0,Not Graduate,No,80.0,36.0,1.0,Semiurban,3358.0,3358.0,0.023823704586063133,0
Male,No,0,Graduate,No,145.0,360.0,1.0,Rural,4309.0,4309.0,0.03365049895567417,1
Female,No,0,Graduate,No,103.0,360.0,0.0,Semiurban,5000.0,5000.0,0.0206,0
Male,Yes,0,Graduate,No,110.0,360.0,1.0,Rural,4801.0,4801.0,0.022911893355550928,1
Male,Yes,2,Graduate,Yes,128.0,360.0,0.0,Rural,6633.0,2211.0,0.019297452133273028,0
Male,Yes,1,Not Graduate,No,128.0,360.0,1.0,Rural,4867.0,2433.5,0.026299568522703924,1
Male,Yes,1,Graduate,No,158.0,360.0,1.0,Urban,6583.0,3291.5,0.024001215251405136,1
Male,Yes,0,Not Graduate,No,181.0,360.0,0.0,Urban,4787.0,4787.0,0.03781073741382912,0
Male,Yes,0,Graduate,No,132.0,180.0,0.0,Rural,7859.0,7859.0,0.01679603002926581,0
Male,Yes,1,Graduate,No,26.0,360.0,1.0,Semiurban,6500.0,3250.0,0.004,1
Female,No,0,Graduate,No,84.0,360.0,1.0,Urban,4292.0,4292.0,0.0195712954333644,1
Male,Yes,3,Graduate,Yes,260.0,360.0,1.0,Semiurban,10139.0,2534.75,0.025643554591182564,1
Male,Yes,0,Graduate,No,162.0,360.0,1.0,Semiurban,6556.0,6556.0,0.02471018913971934,1
Female,Yes,0,Graduate,No,182.0,360.0,1.0,Semiurban,6486.0,6486.0,0.028060437866173297,1
Male,Yes,2,Not Graduate,No,108.0,360.0,1.0,Semiurban,3917.0,1305.6666666666667,0.027572121521572634,1
Female,Yes,1,Graduate,Yes,600.0,360.0,1.0,Semiurban,19484.0,9742.0,0.03079449804968179,1
Male,Yes,0,Graduate,No,211.0,360.0,1.0,Rural,7977.0,7977.0,0.02645104675943337,1
Male,No,0,Not Graduate,Yes,132.0,360.0,1.0,Semiurban,5800.0,5800.0,0.022758620689655173,1
Male,Yes,2,Graduate,No,258.0,360.0,0.0,Urban,8799.0,2933.0,0.029321513808387316,0
Male,Yes,0,Not Graduate,No,120.0,360.0,1.0,Rural,4467.0,4467.0,0.026863666890530557,1
Male,No,0,Graduate,No,70.0,360.0,1.0,Urban,3333.0,3333.0,0.021002100210021003,1
Male,Yes,3,Graduate,No,123.0,360.0,0.0,Rural,5900.0,1475.0,0.020847457627118645,0
Female,No,0,Graduate,No,9.0,360.0,1.0,Urban,2378.0,2378.0,0.0037846930193439865,0
Male,Yes,0,Graduate,No,104.0,360.0,0.0,Urban,5230.0,5230.0,0.01988527724665392,0
Male,Yes,1,Graduate,No,186.0,360.0,1.0,Urban,5167.0,2583.5,0.035997677569189084,1
Male,Yes,0,Graduate,No,165.0,360.0,0.0,Urban,6567.0,6567.0,0.02512562814070352,0
Male,Yes,2,Graduate,No,275.0,360.0,1.0,Urban,16666.0,5555.333333333333,0.016500660026401055,1
Male,Yes,2,Not Graduate,No,187.0,480.0,1.0,Semiurban,7750.0,2583.3333333333335,0.024129032258064516,0
Male,Yes,3,Graduate,No,150.0,360.0,1.0,Semiurban,6406.0,1601.5,0.023415547923821417,0
Male,Yes,2,Graduate,No,108.0,84.0,1.0,Urban,3620.0,1206.6666666666667,0.02983425414364641,1
Male,Yes,0,Graduate,No,136.0,360.0,0.0,Semiurban,5297.0,5297.0,0.02567491032659996,0
Male,No,0,Graduate,No,110.0,360.0,1.0,Urban,5968.0,5968.0,0.018431635388739945,1
Male,Yes,1,Graduate,No,107.0,360.0,1.0,Rural,4014.0,2007.0,0.02665670154459392,1
Male,No,0,Graduate,No,161.0,360.0,1.0,Urban,6099.0,6099.0,0.026397770126250206,1
Male,Yes,2,Graduate,No,205.0,360.0,1.0,Semiurban,6540.0,2180.0,0.03134556574923547,1
Male,No,0,Graduate,No,90.0,360.0,1.0,Urban,35673.0,35673.0,0.0025229164914641325,0
Female,Yes,0,Graduate,No,36.0,360.0,1.0,Semiurban,3166.0,3166.0,0.011370814908401769,1
Male,Yes,1,Graduate,No,61.0,360.0,1.0,Rural,1880.0,940.0,0.032446808510638296,0
Male,Yes,1,Graduate,No,146.0,360.0,0.0,Rural,4704.0,2352.0,0.031037414965986394,0
Male,Yes,1,Graduate,No,172.0,84.0,1.0,Rural,7283.0,3641.5,0.02361664149388988,0
Male,Yes,0,Graduate,No,104.0,360.0,1.0,Urban,3819.0,3819.0,0.027232259753862266,1
Female,No,0,Not Graduate,No,70.0,360.0,1.0,Semiurban,2165.0,2165.0,0.03233256351039261,1
Male,No,0,Graduate,No,94.0,360.0,1.0,Semiurban,4750.0,4750.0,0.019789473684210527,1
Male,Yes,2,Graduate,Yes,106.0,360.0,0.0,Semiurban,2726.0,908.6666666666666,0.03888481291269259,0
Male,Yes,0,Graduate,No,56.0,180.0,1.0,Semiurban,6416.0,6416.0,0.008728179551122194,1
Male,Yes,2,Graduate,Yes,205.0,240.0,1.0,Semiurban,6000.0,2000.0,0.034166666666666665,0
Male,No,3,Graduate,Yes,292.0,360.0,1.0,Semiurban,9357.0,2339.25,0.031206583306615368,1
Male,Yes,0,Graduate,No,142.0,180.0,1.0,Rural,7159.0,7159.0,0.019835172510127112,1
Male,Yes,0,Graduate,Yes,260.0,360.0,1.0,Urban,16120.0,16120.0,0.016129032258064516,1
Male,No,0,Not Graduate,No,110.0,360.0,1.0,Rural,3833.0,3833.0,0.02869814766501435,1
Male,Yes,2,Not Graduate,Yes,187.0,360.0,1.0,Rural,7383.0,2461.0,0.025328457266693756,0
Male,No,0,Graduate,No,88.0,360.0,0.0,Semiurban,2987.0,2987.0,0.02946099765651155,0
Male,Yes,0,Graduate,Yes,180.0,360.0,1.0,Rural,9963.0,9963.0,0.018066847335140017,1
Male,Yes,2,Graduate,No,192.0,360.0,1.0,Urban,5780.0,1926.6666666666667,0.03321799307958478,1
Female,No,3,Graduate,No,350.0,180.0,1.0,Urban,42083.0,10520.75,0.00831689755958463,0
Male,Yes,0,Not Graduate,No,155.0,360.0,1.0,Rural,5686.0,5686.0,0.027259936686598662,1
Male,Yes,3,Graduate,No,128.0,360.0,1.0,Urban,5703.0,1425.75,0.02244432754690514,1
Male,No,0,Graduate,No,172.0,360.0,1.0,Rural,7977.0,7977.0,0.021561990723329573,1
Female,Yes,1,Graduate,No,496.0,360.0,1.0,Semiurban,12000.0,6000.0,0.04133333333333333,1
Male,Yes,0,Not Graduate,No,128.0,180.0,1.0,Urban,6200.0,6200.0,0.02064516129032258,0
Male,Yes,1,Graduate,No,173.0,360.0,1.0,Semiurban,5900.0,2950.0,0.029322033898305084,1
Male,Yes,2,Not Graduate,No,157.0,360.0,1.0,Rural,5398.0,1799.3333333333333,0.029084846239347907,1
Male,Yes,0,Graduate,No,108.0,360.0,1.0,Rural,5182.0,5182.0,0.020841373986877652,1
Female,No,0,Graduate,No,71.0,360.0,1.0,Rural,2900.0,2900.0,0.024482758620689656,1
Male,Yes,3,Graduate,No,40.0,180.0,1.0,Rural,4106.0,1026.5,0.00974184120798831,1
Male,Yes,1,Graduate,No,253.0,360.0,1.0,Urban,8312.0,4156.0,0.030437921077959576,1
Male,Yes,2,Graduate,No,187.0,360.0,1.0,Urban,7583.0,2527.6666666666665,0.024660424634049848,1
Female,No,0,Graduate,Yes,133.0,360.0,0.0,Semiurban,4583.0,4583.0,0.02902029238490072,0
